---,Pitch,StartMs,DurationMs,Hand,Role,Finger,Pressure,KeyDepth,bIsBlack,WristPosNorm,WristYawDeg,WristRollDeg
Note_000000,63,0.0,212.96,Left,INNER,3,0.827,0.827,True,0.483,-0.0,0
Note_000001,90,0.0,212.96,Right,INNER,1,0.472,0.472,True,0.862,15.0,12
Note_000002,102,0.0,212.96,Right,MELODY,2,0.472,0.472,True,0.862,15.0,12
Note_000003,63,83.33,212.96,Right,MELODY,4,0.827,0.827,True,0.483,-5.0,0
Note_000004,70,222.22,212.96,Left,INNER,2,0.866,0.866,True,0.563,5.0,0
Note_000005,85,222.22,212.96,Right,INNER,1,0.472,0.472,True,0.805,15.0,12
Note_000006,97,222.22,212.96,Right,MELODY,2,0.472,0.472,True,0.805,15.0,12
Note_000007,70,305.56,212.96,Right,MELODY,4,0.866,0.866,True,0.563,-5.0,0
Note_000008,69,444.44,212.96,Left,INNER,3,0.866,0.866,False,0.552,-0.0,0
Note_000009,82,444.44,212.96,Right,INNER,1,0.472,0.472,True,0.77,15.0,12
Note_000010,94,444.44,212.96,Right,MELODY,2,0.472,0.472,True,0.77,15.0,12
Note_000011,69,527.78,212.96,Right,MELODY,4,0.866,0.866,False,0.552,-5.0,0
Note_000012,68,666.67,64.81,Left,INNER,4,0.866,0.866,True,0.54,-5.0,0
Note_000013,85,666.67,212.96,Right,INNER,1,0.472,0.472,True,0.805,15.0,12
Note_000014,97,666.67,212.96,Right,MELODY,2,0.472,0.472,True,0.805,15.0,12
Note_000015,69,740.74,64.81,Right,MELODY,5,0.835,0.835,False,0.546,-15.0,0
Note_000016,68,750.0,64.81,Right,INNER,4,0.866,0.866,True,0.546,-15.0,0
Note_000017,68,814.81,64.81,Right,INNER,2,0.803,0.803,True,0.546,5.0,0
Note_000018,69,824.07,64.81,Right,MELODY,3,0.835,0.835,False,0.546,5.0,0
Note_000019,26,888.89,879.63,Left,BASS,5,0.866,0.866,False,0.057,-10.0,0
Note_000020,87,888.89,212.96,Right,INNER,1,0.472,0.472,True,0.828,5.0,12
Note_000021,99,888.89,212.96,Right,MELODY,4,0.472,0.472,True,0.828,5.0,12
Note_000022,66,972.22,212.96,Right,MELODY,2,0.866,0.866,True,0.517,5.0,0
Note_000023,61,1111.11,212.96,Left,INNER,3,0.803,0.803,True,0.46,-0.0,0
Note_000024,85,1111.11,212.96,Right,INNER,1,0.472,0.472,True,0.805,5.0,12
Note_000025,97,1111.11,212.96,Right,MELODY,4,0.472,0.472,True,0.805,5.0,12
Note_000026,61,1194.44,212.96,Right,MELODY,2,0.803,0.803,True,0.46,5.0,0
Note_000027,63,1333.33,101.85,Left,INNER,2,0.835,0.835,True,0.483,5.0,0
Note_000028,90,1333.33,212.96,Right,INNER,1,0.472,0.472,True,0.862,5.0,12
Note_000029,102,1333.33,212.96,Right,MELODY,4,0.472,0.472,True,0.862,5.0,12
Note_000030,63,1416.67,101.85,Right,INNER,2,0.835,0.835,True,0.483,5.0,0
Note_000031,63,1444.44,101.85,Right,MELODY,3,0.787,0.787,True,0.483,5.0,0
Note_000032,63,1527.78,101.85,Left,INNER,5,0.787,0.787,True,0.532,-10.0,12
Note_000033,65,1555.55,212.96,Left,INNER,4,0.866,0.866,False,0.532,-10.0,12
Note_000034,68,1555.55,212.96,Left,INNER,3,0.866,0.866,True,0.532,-10.0,12
Note_000035,73,1555.55,212.96,Left,INNER,2,0.866,0.866,True,0.532,-10.0,12
Note_000036,85,1555.55,212.96,Right,INNER,1,0.472,0.472,True,0.805,5.0,12
Note_000037,97,1555.55,212.96,Right,MELODY,4,0.472,0.472,True,0.805,5.0,12
Note_000038,73,1638.89,212.96,Right,MELODY,3,0.866,0.866,True,0.598,0.0,0
Note_000039,35,1777.78,212.96,Left,BASS,5,0.961,0.961,False,0.184,5.0,-12
Note_000040,37,1777.78,101.85,Left,INNER,2,0.961,0.961,True,0.184,5.0,-12
Note_000041,39,1777.78,101.85,Left,INNER,1,1.0,1.0,True,0.184,5.0,-12
Note_000042,94,1777.78,1324.07,Right,INNER,1,0.472,0.472,True,0.904,10.0,12
Note_000043,99,1777.78,1324.07,Right,INNER,2,0.472,0.472,True,0.904,10.0,12
Note_000044,106,1777.78,1324.07,Right,MELODY,4,0.472,0.472,True,0.904,10.0,12
Note_000045,66,1833.33,46.3,Right,INNER,2,0.551,0.551,True,0.58,-10.0,-12
Note_000046,70,1833.33,46.3,Right,INNER,3,0.551,0.551,True,0.58,-10.0,-12
Note_000047,75,1833.33,46.3,Right,INNER,4,0.551,0.551,True,0.58,-10.0,-12
Note_000048,75,1861.11,46.3,Right,MELODY,5,0.866,0.866,True,0.58,-10.0,-12
Note_000049,39,1888.89,101.85,Left,BASS,2,0.472,0.472,True,0.207,5.0,0
Note_000050,75,1916.66,46.3,Right,MELODY,4,0.551,0.551,True,0.621,-5.0,0
Note_000051,35,2000.0,212.96,Left,BASS,5,0.961,0.961,False,0.184,-5.0,0
Note_000052,37,2000.0,101.85,Left,INNER,3,0.961,0.961,True,0.184,-5.0,0
Note_000053,39,2000.0,101.85,Left,INNER,2,1.0,1.0,True,0.184,-5.0,0
Note_000054,66,2000.0,46.3,Right,INNER,1,0.866,0.866,True,0.567,10.0,12
Note_000055,70,2000.0,46.3,Right,INNER,2,0.866,0.866,True,0.567,10.0,12
Note_000056,75,2000.0,46.3,Right,MELODY,4,0.866,0.866,True,0.567,10.0,12
Note_000057,66,2055.55,46.3,Right,INNER,2,0.551,0.551,True,0.58,-10.0,-12
Note_000058,70,2055.55,46.3,Right,INNER,3,0.551,0.551,True,0.58,-10.0,-12
Note_000059,75,2055.55,46.3,Right,INNER,4,0.551,0.551,True,0.58,-10.0,-12
Note_000060,75,2083.33,46.3,Right,MELODY,5,0.866,0.866,True,0.58,-10.0,-12
Note_000061,39,2111.11,101.85,Left,BASS,2,0.472,0.472,True,0.207,5.0,0
Note_000062,75,2138.89,46.3,Right,MELODY,4,0.551,0.551,True,0.621,-5.0,0
Note_000063,35,2222.22,212.96,Left,BASS,4,0.961,0.961,False,0.218,10.0,-12
Note_000064,37,2222.22,101.85,Left,INNER,3,0.961,0.961,True,0.218,10.0,-12
Note_000065,39,2222.22,101.85,Left,INNER,2,1.0,1.0,True,0.218,10.0,-12
Note_000066,49,2222.22,324.07,Left,INNER,1,0.906,0.906,True,0.218,10.0,-12
Note_000067,66,2222.22,101.85,Right,INNER,1,0.866,0.866,True,0.567,10.0,12
Note_000068,70,2222.22,101.85,Right,INNER,2,0.866,0.866,True,0.567,10.0,12
Note_000069,75,2222.22,101.85,Right,MELODY,4,0.866,0.866,True,0.567,10.0,12
Note_000070,75,2305.55,101.85,Right,INNER,3,0.866,0.866,True,0.58,10.0,12
Note_000071,39,2333.33,101.85,Left,BASS,5,0.472,0.472,True,0.207,-10.0,12
Note_000072,66,2333.33,157.41,Right,INNER,1,0.551,0.551,True,0.58,10.0,12
Note_000073,70,2333.33,157.41,Right,INNER,2,0.551,0.551,True,0.58,10.0,12
Note_000074,75,2333.33,157.41,Right,MELODY,4,0.551,0.551,True,0.58,10.0,12
Note_000075,73,2444.44,212.96,Right,MELODY,3,0.866,0.866,True,0.598,0.0,0
Note_000076,73,2527.78,212.96,Right,MELODY,2,0.866,0.866,True,0.598,5.0,0
Note_000077,75,2666.66,101.85,Right,MELODY,3,0.866,0.866,True,0.621,0.0,0
Note_000078,75,2750.0,101.85,Right,INNER,4,0.866,0.866,True,0.621,-15.0,-12
Note_000079,75,2777.78,101.85,Right,MELODY,5,0.835,0.835,True,0.621,-15.0,-12
Note_000080,75,2861.11,101.85,Right,MELODY,4,0.835,0.835,True,0.592,-5.0,0
Note_000081,37,2888.89,101.85,Left,BASS,1,0.961,0.961,True,0.184,10.0,-12
Note_000082,70,2888.89,212.96,Right,INNER,3,0.803,0.803,True,0.592,-5.0,0
Note_000083,70,2972.22,212.96,Right,MELODY,2,0.803,0.803,True,0.563,5.0,0
Note_000084,40,3111.11,212.96,Left,BASS,5,0.866,0.866,False,0.27,-5.0,0
Note_000085,49,3111.11,324.07,Left,INNER,2,0.906,0.906,True,0.27,-5.0,0
Note_000086,73,3111.11,212.96,Right,MELODY,3,0.866,0.866,True,0.598,0.0,0
Note_000087,73,3194.44,212.96,Right,MELODY,4,0.866,0.866,True,0.598,-5.0,0
Note_000088,37,3333.33,101.85,Left,BASS,1,0.961,0.961,True,0.184,10.0,-12
Note_000089,70,3333.33,212.96,Right,MELODY,3,0.819,0.819,True,0.563,0.0,0
Note_000090,70,3416.66,212.96,Right,MELODY,2,0.819,0.819,True,0.563,5.0,0
Note_000091,32,3555.55,212.96,Left,BASS,5,1.0,1.0,True,0.157,-5.0,12
Note_000092,35,3555.55,212.96,Left,INNER,3,0.961,0.961,False,0.157,-5.0,12
Note_000093,37,3555.55,101.85,Left,INNER,2,0.961,0.961,True,0.157,-5.0,12
Note_000094,75,3555.55,657.41,Right,MELODY,4,0.866,0.866,True,0.621,-5.0,0
Note_000095,75,3638.89,657.41,Right,MELODY,5,0.866,0.866,True,0.621,-10.0,-12
Note_000096,32,3777.77,101.85,Left,BASS,5,0.472,0.472,True,0.126,-10.0,12
Note_000097,61,3777.77,101.85,Right,MELODY,4,0.906,0.906,True,0.46,-5.0,0
Note_000098,40,4000.0,212.96,Left,BASS,1,0.866,0.866,False,0.218,10.0,0
Note_000099,56,4000.0,101.85,Right,INNER,1,0.866,0.866,True,0.466,10.0,12
Note_000100,59,4000.0,46.3,Right,INNER,2,0.866,0.866,False,0.466,10.0,12
Note_000101,63,4000.0,46.3,Right,INNER,3,0.866,0.866,True,0.466,10.0,12
Note_000102,68,4000.0,46.3,Right,MELODY,4,0.866,0.866,True,0.466,10.0,12
Note_000103,59,4055.55,101.85,Right,INNER,2,0.551,0.551,False,0.487,-0.0,0
Note_000104,63,4055.55,101.85,Right,INNER,3,0.551,0.551,True,0.487,-0.0,0
Note_000105,68,4055.55,101.85,Right,MELODY,4,0.551,0.551,True,0.487,-0.0,0
Note_000106,32,4222.22,212.96,Left,BASS,5,1.0,1.0,True,0.157,-5.0,12
Note_000107,35,4222.22,212.96,Left,INNER,3,0.961,0.961,False,0.157,-5.0,12
Note_000108,37,4222.22,101.85,Left,INNER,2,0.961,0.961,True,0.157,-5.0,12
Note_000109,61,4222.22,101.85,Right,INNER,1,0.906,0.906,True,0.557,0.0,0
Note_000110,78,4222.22,212.96,Right,MELODY,5,0.866,0.866,True,0.557,0.0,0
Note_000111,78,4305.55,212.96,Right,MELODY,4,0.866,0.866,True,0.655,-5.0,0
Note_000112,34,4444.44,435.18,Left,BASS,3,1.0,1.0,True,0.165,15.0,-12
Note_000113,35,4444.44,212.96,Left,INNER,2,0.961,0.961,False,0.165,15.0,-12
Note_000114,37,4444.44,101.85,Left,INNER,1,0.961,0.961,True,0.165,15.0,-12
Note_000115,77,4444.44,212.96,Right,MELODY,3,0.827,0.827,False,0.644,0.0,0
Note_000116,77,4527.77,212.96,Right,MELODY,2,0.827,0.827,False,0.644,5.0,0
Note_000117,60,4666.66,101.85,Left,INNER,2,0.906,0.906,False,0.448,5.0,0
Note_000118,78,4666.66,212.96,Right,MELODY,4,0.866,0.866,True,0.655,-5.0,0
Note_000119,78,4750.0,212.96,Right,MELODY,5,0.866,0.866,True,0.655,-10.0,-12
Note_000120,34,4888.88,212.96,Left,BASS,2,1.0,1.0,True,0.184,15.0,0
Note_000121,40,4888.88,212.96,Left,INNER,1,0.866,0.866,False,0.184,15.0,0
Note_000122,56,4888.88,101.85,Right,INNER,1,0.866,0.866,True,0.48,0.0,0
Note_000123,58,4888.88,46.3,Right,INNER,2,0.866,0.866,True,0.48,0.0,0
Note_000124,62,4888.88,46.3,Right,INNER,3,0.866,0.866,False,0.48,0.0,0
Note_000125,68,4888.88,46.3,Right,INNER,4,0.866,0.866,True,0.48,0.0,0
Note_000126,70,4888.88,212.96,Right,MELODY,5,0.866,0.866,True,0.48,0.0,0
Note_000127,58,4944.44,101.85,Right,INNER,1,0.551,0.551,True,0.5,10.0,12
Note_000128,62,4944.44,101.85,Right,INNER,2,0.551,0.551,False,0.5,10.0,12
Note_000129,68,4944.44,101.85,Right,INNER,3,0.551,0.551,True,0.5,10.0,12
Note_000130,70,4972.22,212.96,Right,MELODY,4,0.866,0.866,True,0.5,10.0,12
Note_000131,37,5111.11,212.96,Left,BASS,2,1.0,1.0,True,0.184,5.0,0
Note_000132,61,5111.11,101.85,Right,INNER,1,0.906,0.906,True,0.533,15.0,12
Note_000133,68,5111.11,46.3,Right,INNER,2,0.866,0.866,True,0.533,15.0,12
Note_000134,73,5111.11,212.96,Right,MELODY,3,0.835,0.835,True,0.533,15.0,12
Note_000135,68,5166.66,101.85,Right,INNER,4,0.551,0.551,True,0.569,-15.0,-12
Note_000136,73,5194.44,212.96,Right,MELODY,5,0.835,0.835,True,0.569,-15.0,-12
Note_000137,35,5333.33,212.96,Left,BASS,5,0.961,0.961,False,0.184,-5.0,0
Note_000138,37,5333.33,101.85,Left,INNER,3,0.961,0.961,True,0.184,-5.0,0
Note_000139,39,5333.33,435.18,Left,INNER,2,1.0,1.0,True,0.184,-5.0,0
Note_000140,68,5333.33,212.96,Right,INNER,2,0.866,0.866,True,0.58,0.0,0
Note_000141,75,5333.33,324.07,Right,MELODY,4,0.866,0.866,True,0.58,0.0,0
Note_000142,75,5416.66,324.07,Right,MELODY,5,0.866,0.866,True,0.621,-10.0,-12
Note_000143,61,5555.55,101.85,Right,INNER,1,0.906,0.906,True,0.502,10.0,12
Note_000144,63,5555.55,212.96,Right,INNER,2,0.866,0.866,True,0.502,10.0,12
Note_000145,70,5555.55,212.96,Right,MELODY,4,0.866,0.866,True,0.502,10.0,12
Note_000146,39,5777.77,101.85,Left,BASS,2,0.472,0.472,True,0.213,15.0,0
Note_000147,40,5777.77,212.96,Left,INNER,1,0.866,0.866,False,0.213,15.0,0
Note_000148,56,5777.77,101.85,Right,INNER,0,0.866,0.866,True,0.478,0.0,0
Note_000149,58,5777.77,46.3,Right,INNER,1,0.866,0.866,True,0.478,0.0,0
Note_000150,58,5777.77,212.96,Right,INNER,0,0.866,0.866,True,0.478,0.0,0
Note_000151,61,5777.77,46.3,Right,INNER,2,0.866,0.866,True,0.478,0.0,0
Note_000152,66,5777.77,46.3,Right,INNER,3,0.866,0.866,True,0.478,0.0,0
Note_000153,66,5777.77,212.96,Right,INNER,4,0.866,0.866,True,0.478,0.0,0
Note_000154,73,5777.77,212.96,Right,MELODY,5,0.819,0.819,True,0.478,0.0,0
Note_000155,58,5833.33,101.85,Right,INNER,1,0.551,0.551,True,0.5,5.0,0
Note_000156,61,5833.33,101.85,Right,INNER,2,0.551,0.551,True,0.5,5.0,0
Note_000157,66,5833.33,101.85,Right,INNER,3,0.551,0.551,True,0.5,5.0,0
Note_000158,73,5861.11,212.96,Right,MELODY,5,0.819,0.819,True,0.5,5.0,0
Note_000159,35,5999.99,212.96,Left,BASS,5,0.961,0.961,False,0.184,-5.0,0
Note_000160,37,5999.99,101.85,Left,INNER,3,0.961,0.961,True,0.184,-5.0,0
Note_000161,39,5999.99,212.96,Left,INNER,2,1.0,1.0,True,0.184,-5.0,0
Note_000162,61,5999.99,101.85,Right,INNER,1,0.906,0.906,True,0.52,5.0,0
Note_000163,61,5999.99,212.96,Right,INNER,2,0.866,0.866,True,0.52,5.0,0
Note_000164,68,5999.99,212.96,Right,INNER,3,0.866,0.866,True,0.52,5.0,0
Note_000165,75,5999.99,212.96,Right,MELODY,5,0.843,0.843,True,0.52,5.0,0
Note_000166,75,6083.33,212.96,Right,MELODY,4,0.843,0.843,True,0.621,-5.0,0
Note_000167,34,6222.22,212.96,Left,BASS,3,1.0,1.0,True,0.165,15.0,-12
Note_000168,35,6222.22,212.96,Left,INNER,2,0.961,0.961,False,0.165,15.0,-12
Note_000169,37,6222.22,101.85,Left,INNER,1,0.961,0.961,True,0.165,15.0,-12
Note_000170,56,6222.22,101.85,Right,INNER,0,0.866,0.866,True,0.471,0.0,0
Note_000171,56,6222.22,212.96,Right,INNER,0,0.866,0.866,True,0.471,0.0,0
Note_000172,58,6222.22,46.3,Right,INNER,1,0.866,0.866,True,0.471,0.0,0
Note_000173,63,6222.22,212.96,Right,INNER,2,0.866,0.866,True,0.471,0.0,0
Note_000174,63,6222.22,46.3,Right,INNER,3,0.866,0.866,True,0.471,0.0,0
Note_000175,68,6222.22,46.3,Right,INNER,4,0.866,0.866,True,0.471,0.0,0
Note_000176,70,6222.22,324.07,Right,MELODY,5,0.866,0.866,True,0.471,0.0,0
Note_000177,58,6277.77,101.85,Right,INNER,1,0.551,0.551,True,0.503,-5.0,0
Note_000178,63,6277.77,101.85,Right,INNER,3,0.551,0.551,True,0.503,-5.0,0
Note_000179,68,6277.77,101.85,Right,INNER,4,0.551,0.551,True,0.503,-5.0,0
Note_000180,70,6305.55,324.07,Right,MELODY,5,0.866,0.866,True,0.503,-5.0,0
Note_000181,34,6444.44,212.96,Left,BASS,5,1.0,1.0,True,0.167,-10.0,12
Note_000182,37,6444.44,101.85,Left,INNER,3,0.961,0.961,True,0.167,-10.0,12
Note_000183,58,6444.44,212.96,Right,INNER,1,0.866,0.866,True,0.469,-0.0,0
Note_000184,58,6444.44,46.3,Right,INNER,0,0.866,0.866,True,0.469,-0.0,0
Note_000185,60,6444.44,101.85,Right,INNER,2,0.906,0.906,False,0.469,-0.0,0
Note_000186,63,6444.44,46.3,Right,INNER,3,0.866,0.866,True,0.469,-0.0,0
Note_000187,66,6444.44,212.96,Right,INNER,5,0.866,0.866,True,0.469,-0.0,0
Note_000188,66,6444.44,46.3,Right,MELODY,4,0.866,0.866,True,0.469,-0.0,0
Note_000189,58,6499.99,46.3,Right,INNER,1,0.551,0.551,True,0.475,5.0,12
Note_000190,63,6499.99,46.3,Right,INNER,3,0.551,0.551,True,0.475,5.0,12
Note_000191,66,6499.99,46.3,Right,MELODY,4,0.551,0.551,True,0.475,5.0,12
Note_000192,58,6555.55,46.3,Right,INNER,1,0.866,0.866,True,0.489,10.0,12
Note_000193,63,6555.55,46.3,Right,INNER,2,0.866,0.866,True,0.489,10.0,12
Note_000194,65,6555.55,46.3,Right,INNER,3,0.866,0.866,False,0.489,10.0,12
Note_000195,68,6555.55,101.85,Right,MELODY,4,0.811,0.811,True,0.489,10.0,12
Note_000196,58,6611.1,46.3,Right,INNER,1,0.551,0.551,True,0.489,5.0,0
Note_000197,63,6611.1,46.3,Right,INNER,2,0.551,0.551,True,0.489,5.0,0
Note_000198,65,6611.1,46.3,Right,INNER,3,0.551,0.551,False,0.489,5.0,0
Note_000199,68,6638.88,101.85,Right,MELODY,5,0.811,0.811,True,0.489,5.0,0
Note_000200,37,6666.66,212.96,Left,BASS,3,1.0,1.0,True,0.249,15.0,-12
Note_000201,40,6666.66,212.96,Left,INNER,2,0.866,0.866,False,0.249,15.0,-12
Note_000202,51,6666.66,212.96,Left,INNER,1,0.866,0.866,True,0.249,15.0,-12
Note_000203,56,6666.66,101.85,Right,INNER,0,0.866,0.866,True,0.466,0.0,0
Note_000204,58,6666.66,212.96,Right,INNER,1,0.866,0.866,True,0.466,0.0,0
Note_000205,58,6666.66,46.3,Right,INNER,2,0.866,0.866,True,0.466,0.0,0
Note_000206,61,6666.66,46.3,Right,INNER,3,0.866,0.866,True,0.466,0.0,0
Note_000207,66,6666.66,46.3,Right,INNER,4,0.866,0.866,True,0.466,0.0,0
Note_000208,70,6666.66,212.96,Right,MELODY,5,0.827,0.827,True,0.466,0.0,0
Note_000209,58,6722.22,46.3,Right,INNER,1,0.551,0.551,True,0.491,10.0,12
Note_000210,61,6722.22,46.3,Right,INNER,2,0.551,0.551,True,0.491,10.0,12
Note_000211,66,6722.22,46.3,Right,INNER,3,0.551,0.551,True,0.491,10.0,12
Note_000212,70,6749.99,212.96,Right,MELODY,4,0.827,0.827,True,0.491,10.0,12
Note_000213,37,6888.88,101.85,Left,BASS,3,0.472,0.472,True,0.184,-0.0,0
Note_000214,54,6888.88,212.96,Right,INNER,1,0.866,0.866,True,0.427,0.0,0
Note_000215,54,6888.88,46.3,Right,INNER,0,0.866,0.866,True,0.427,0.0,0
Note_000216,58,6888.88,46.3,Right,INNER,2,0.866,0.866,True,0.427,0.0,0
Note_000217,61,6888.88,101.85,Right,INNER,4,0.906,0.906,True,0.427,0.0,0
Note_000218,61,6888.88,212.96,Right,INNER,5,0.866,0.866,True,0.427,0.0,0
Note_000219,61,6888.88,46.3,Right,MELODY,3,0.866,0.866,True,0.427,0.0,0
Note_000220,54,6944.44,101.85,Right,INNER,2,0.551,0.551,True,0.421,0.0,0
Note_000221,58,6944.44,101.85,Right,INNER,3,0.551,0.551,True,0.421,0.0,0
Note_000222,61,6944.44,101.85,Right,MELODY,4,0.551,0.551,True,0.421,0.0,0
Note_000223,32,7111.1,212.96,Left,BASS,5,1.0,1.0,True,0.157,-15.0,12
Note_000224,35,7111.1,212.96,Left,INNER,4,0.961,0.961,False,0.157,-15.0,12
Note_000225,37,7111.1,101.85,Left,INNER,3,0.961,0.961,True,0.157,-15.0,12
Note_000226,75,7111.1,657.41,Right,MELODY,5,0.866,0.866,True,0.621,-10.0,-12
Note_000227,75,7194.44,657.41,Right,MELODY,4,0.866,0.866,True,0.621,-5.0,0
Note_000228,32,7333.33,101.85,Left,BASS,5,0.472,0.472,True,0.126,-10.0,12
Note_000229,61,7333.33,101.85,Right,MELODY,1,0.906,0.906,True,0.46,10.0,12
Note_000230,40,7555.55,212.96,Left,BASS,1,0.866,0.866,False,0.218,10.0,0
Note_000231,56,7555.55,101.85,Right,INNER,2,0.866,0.866,True,0.466,-10.0,-12
Note_000232,59,7555.55,46.3,Right,INNER,3,0.866,0.866,False,0.466,-10.0,-12
Note_000233,63,7555.55,46.3,Right,INNER,4,0.866,0.866,True,0.466,-10.0,-12
Note_000234,68,7555.55,46.3,Right,MELODY,5,0.866,0.866,True,0.466,-10.0,-12
Note_000235,59,7611.1,101.85,Right,INNER,1,0.551,0.551,False,0.487,5.0,0
Note_000236,63,7611.1,101.85,Right,INNER,3,0.551,0.551,True,0.487,5.0,0
Note_000237,68,7611.1,101.85,Right,MELODY,4,0.551,0.551,True,0.487,5.0,0
Note_000238,32,7777.77,212.96,Left,BASS,5,1.0,1.0,True,0.157,-5.0,12
Note_000239,35,7777.77,212.96,Left,INNER,3,0.961,0.961,False,0.157,-5.0,12
Note_000240,37,7777.77,101.85,Left,INNER,2,0.961,0.961,True,0.157,-5.0,12
Note_000241,61,7777.77,101.85,Right,INNER,1,0.906,0.906,True,0.557,0.0,0
Note_000242,78,7777.77,212.96,Right,MELODY,5,0.866,0.866,True,0.557,0.0,0
Note_000243,78,7861.1,212.96,Right,MELODY,4,0.866,0.866,True,0.655,-5.0,0
Note_000244,34,7999.99,435.18,Left,BASS,3,1.0,1.0,True,0.165,15.0,-12
Note_000245,35,7999.99,212.96,Left,INNER,2,0.961,0.961,False,0.165,15.0,-12
Note_000246,37,7999.99,101.85,Left,INNER,1,0.961,0.961,True,0.165,15.0,-12
Note_000247,77,7999.99,212.96,Right,MELODY,3,0.827,0.827,False,0.644,0.0,0
Note_000248,77,8083.33,212.96,Right,MELODY,2,0.827,0.827,False,0.644,5.0,0
Note_000249,60,8222.21,101.85,Left,INNER,2,0.906,0.906,False,0.448,5.0,0
Note_000250,78,8222.21,212.96,Right,MELODY,4,0.843,0.843,True,0.655,-5.0,0
Note_000251,78,8305.55,212.96,Right,MELODY,2,0.843,0.843,True,0.655,5.0,0
Note_000252,34,8444.44,212.96,Left,BASS,4,1.0,1.0,True,0.184,5.0,0
Note_000253,40,8444.44,212.96,Left,INNER,1,0.866,0.866,False,0.184,5.0,0
Note_000254,80,8444.44,212.96,Right,MELODY,4,0.803,0.803,True,0.678,-5.0,0
Note_000255,58,8499.99,101.85,Left,INNER,5,0.551,0.551,True,0.49,-5.0,12
Note_000256,65,8499.99,101.85,Left,INNER,3,0.551,0.551,False,0.49,-5.0,12
Note_000257,68,8499.99,101.85,Left,INNER,2,0.551,0.551,True,0.49,-5.0,12
Note_000258,80,8527.77,212.96,Right,MELODY,2,0.803,0.803,True,0.678,5.0,0
Note_000259,37,8666.66,212.96,Left,BASS,5,1.0,1.0,True,0.184,-10.0,12
Note_000260,82,8666.66,212.96,Right,MELODY,4,0.843,0.843,True,0.701,-5.0,0
Note_000261,82,8749.99,212.96,Right,MELODY,3,0.843,0.843,True,0.701,0.0,0
Note_000262,35,8888.88,212.96,Left,BASS,5,0.961,0.961,False,0.184,5.0,-12
Note_000263,37,8888.88,101.85,Left,INNER,2,0.961,0.961,True,0.184,5.0,-12
Note_000264,39,8888.88,212.96,Left,INNER,1,1.0,1.0,True,0.184,5.0,-12
Note_000265,75,8888.88,324.07,Right,MELODY,2,0.866,0.866,True,0.621,5.0,0
Note_000266,75,8972.21,324.07,Right,MELODY,5,0.866,0.866,True,0.621,-10.0,-12
Note_000267,54,8999.99,101.85,Left,INNER,4,0.866,0.866,True,0.431,-0.0,0
Note_000268,63,8999.99,101.85,Left,INNER,2,0.866,0.866,True,0.431,-0.0,0
Note_000269,39,9111.1,101.85,Left,BASS,5,0.472,0.472,True,0.207,-10.0,12
Note_000270,58,9111.1,212.96,Right,INNER,2,0.866,0.866,True,0.467,0.0,0
Note_000271,61,9111.1,101.85,Right,INNER,3,0.906,0.906,True,0.467,0.0,0
Note_000272,66,9111.1,212.96,Right,MELODY,4,0.866,0.866,True,0.467,0.0,0
Note_000273,58,9222.21,46.3,Right,INNER,1,0.866,0.866,True,0.475,-0.0,0
Note_000274,63,9222.21,46.3,Right,INNER,3,0.866,0.866,True,0.475,-0.0,0
Note_000275,66,9222.21,46.3,Right,MELODY,5,0.866,0.866,True,0.475,-0.0,0
Note_000276,58,9277.77,101.85,Right,INNER,1,0.551,0.551,True,0.475,5.0,12
Note_000277,63,9277.77,101.85,Right,INNER,3,0.551,0.551,True,0.475,5.0,12
Note_000278,66,9277.77,101.85,Right,MELODY,4,0.551,0.551,True,0.475,5.0,12
Note_000279,40,9333.32,212.96,Left,BASS,1,0.866,0.866,False,0.218,10.0,0
Note_000280,56,9333.32,101.85,Right,INNER,1,0.866,0.866,True,0.5,0.0,0
Note_000281,61,9333.32,212.96,Right,INNER,2,0.866,0.866,True,0.5,0.0,0
Note_000282,68,9333.32,212.96,Right,INNER,4,0.866,0.866,True,0.5,0.0,0
Note_000283,73,9333.32,212.96,Right,MELODY,5,0.827,0.827,True,0.5,0.0,0
Note_000284,73,9416.66,212.96,Right,MELODY,3,0.827,0.827,True,0.598,0.0,0
Note_000285,35,9555.55,212.96,Left,BASS,5,0.961,0.961,False,0.184,-5.0,0
Note_000286,37,9555.55,101.85,Left,INNER,3,0.961,0.961,True,0.184,-5.0,0
Note_000287,39,9555.55,212.96,Left,INNER,2,1.0,1.0,True,0.184,-5.0,0
Note_000288,58,9555.55,101.85,Right,INNER,0,0.866,0.866,True,0.504,-0.0,0
Note_000289,61,9555.55,101.85,Right,INNER,1,0.906,0.906,True,0.504,-0.0,0
Note_000290,61,9555.55,101.85,Right,INNER,0,0.866,0.866,True,0.504,-0.0,0
Note_000291,63,9555.55,212.96,Right,INNER,2,0.866,0.866,True,0.504,-0.0,0
Note_000292,66,9555.55,101.85,Right,INNER,3,0.866,0.866,True,0.504,-0.0,0
Note_000293,70,9555.55,212.96,Right,INNER,4,0.866,0.866,True,0.504,-0.0,0
Note_000294,75,9555.55,212.96,Right,MELODY,5,0.835,0.835,True,0.504,-0.0,0
Note_000295,75,9638.88,212.96,Right,MELODY,5,0.835,0.835,True,0.506,5.0,0
Note_000296,58,9666.66,101.85,Right,INNER,1,0.551,0.551,True,0.506,5.0,0
Note_000297,61,9666.66,101.85,Right,INNER,2,0.551,0.551,True,0.506,5.0,0
Note_000298,66,9666.66,101.85,Right,INNER,3,0.551,0.551,True,0.506,5.0,0
Note_000299,34,9777.77,212.96,Left,BASS,5,1.0,1.0,True,0.165,5.0,0
Note_000300,35,9777.77,212.96,Left,INNER,2,0.961,0.961,False,0.165,5.0,0
Note_000301,37,9777.77,101.85,Left,INNER,1,0.961,0.961,True,0.165,5.0,0
Note_000302,77,9777.77,212.96,Right,MELODY,1,0.866,0.866,False,0.644,10.0,0
Note_000303,58,9833.32,101.85,Left,INNER,4,0.551,0.551,True,0.475,0.0,0
Note_000304,63,9833.32,101.85,Left,INNER,3,0.551,0.551,True,0.475,0.0,0
Note_000305,66,9833.32,101.85,Left,INNER,2,0.551,0.551,True,0.475,0.0,0
Note_000306,77,9861.1,212.96,Right,MELODY,4,0.866,0.866,False,0.644,-5.0,0
Note_000307,34,9999.99,101.85,Left,BASS,5,0.472,0.472,True,0.167,-15.0,12
Note_000308,37,9999.99,101.85,Left,INNER,4,0.961,0.961,True,0.167,-15.0,12
Note_000309,78,9999.99,101.85,Right,MELODY,5,0.803,0.803,True,0.655,-10.0,-12
Note_000310,58,10055.55,101.85,Left,INNER,3,0.551,0.551,True,0.475,15.0,-12
Note_000311,63,10055.55,101.85,Left,INNER,2,0.551,0.551,True,0.475,15.0,-12
Note_000312,66,10055.55,101.85,Left,INNER,1,0.551,0.551,True,0.475,15.0,-12
Note_000313,78,10083.32,101.85,Right,MELODY,5,0.803,0.803,True,0.649,-15.0,-12
Note_000314,77,10111.1,101.85,Right,MELODY,4,0.764,0.764,False,0.649,-15.0,-12
Note_000315,77,10194.43,101.85,Right,MELODY,4,0.764,0.764,False,0.632,5.0,12
Note_000316,40,10222.21,212.96,Left,BASS,1,0.866,0.866,False,0.218,10.0,0
Note_000317,75,10222.21,287.04,Right,INNER,1,0.843,0.843,True,0.632,5.0,12
Note_000318,58,10277.77,101.85,Right,INNER,1,0.551,0.551,True,0.511,5.0,0
Note_000319,63,10277.77,101.85,Right,INNER,2,0.551,0.551,True,0.511,5.0,0
Note_000320,66,10277.77,101.85,Right,INNER,3,0.551,0.551,True,0.511,5.0,0
Note_000321,75,10305.55,287.04,Right,MELODY,5,0.843,0.843,True,0.511,5.0,0
Note_000322,39,10444.43,212.96,Left,BASS,2,1.0,1.0,True,0.207,5.0,0
Note_000323,56,10444.43,212.96,Right,INNER,2,0.866,0.866,True,0.448,0.0,0
Note_000324,61,10444.43,101.85,Right,INNER,3,0.906,0.906,True,0.448,0.0,0
Note_000325,63,10444.43,212.96,Right,MELODY,4,0.866,0.866,True,0.448,0.0,0
Note_000326,32,10666.66,212.96,Left,BASS,5,1.0,1.0,True,0.157,-5.0,12
Note_000327,35,10666.66,212.96,Left,INNER,3,0.961,0.961,False,0.157,-5.0,12
Note_000328,37,10666.66,101.85,Left,INNER,2,0.961,0.961,True,0.157,-5.0,12
Note_000329,80,10666.66,324.07,Right,MELODY,5,0.866,0.866,True,0.678,-10.0,-12
Note_000330,80,10749.99,324.07,Right,MELODY,4,0.866,0.866,True,0.678,-5.0,0
Note_000331,32,10888.88,101.85,Left,BASS,5,0.472,0.472,True,0.126,-10.0,12
Note_000332,61,10888.88,101.85,Right,MELODY,2,0.906,0.906,True,0.46,5.0,0
Note_000333,40,11111.1,212.96,Left,BASS,1,0.866,0.866,False,0.218,10.0,0
Note_000334,80,11111.1,212.96,Right,MELODY,4,0.866,0.866,True,0.678,-5.0,0
Note_000335,63,11166.66,101.85,Right,INNER,1,0.551,0.551,True,0.569,5.0,0
Note_000336,68,11166.66,101.85,Right,INNER,2,0.551,0.551,True,0.569,5.0,0
Note_000337,71,11166.66,101.85,Right,INNER,3,0.551,0.551,False,0.569,5.0,0
Note_000338,80,11194.43,212.96,Right,MELODY,5,0.866,0.866,True,0.569,5.0,0
Note_000339,32,11333.32,212.96,Left,BASS,5,1.0,1.0,True,0.157,-5.0,12
Note_000340,35,11333.32,212.96,Left,INNER,3,0.961,0.961,False,0.157,-5.0,12
Note_000341,37,11333.32,101.85,Left,INNER,2,0.961,0.961,True,0.157,-5.0,12
Note_000342,82,11333.32,212.96,Right,MELODY,1,0.827,0.827,True,0.701,10.0,12
Note_000343,82,11416.66,212.96,Right,MELODY,4,0.827,0.827,True,0.701,-5.0,0
Note_000344,35,11555.54,212.96,Left,BASS,5,0.961,0.961,False,0.184,5.0,-12
Note_000345,37,11555.54,101.85,Left,INNER,2,0.961,0.961,True,0.184,5.0,-12
Note_000346,39,11555.54,212.96,Left,INNER,1,1.0,1.0,True,0.184,5.0,-12
Note_000347,78,11555.54,212.96,Right,MELODY,2,0.843,0.843,True,0.655,5.0,0
Note_000348,78,11638.88,212.96,Right,MELODY,5,0.843,0.843,True,0.655,-10.0,-12
Note_000349,39,11777.77,101.85,Left,BASS,2,0.472,0.472,True,0.207,5.0,0
Note_000350,58,11777.77,46.3,Right,INNER,1,0.866,0.866,True,0.463,10.0,12
Note_000351,60,11777.77,101.85,Right,INNER,2,0.906,0.906,False,0.463,10.0,12
Note_000352,61,11777.77,46.3,Right,INNER,3,0.866,0.866,True,0.463,10.0,12
Note_000353,66,11777.77,46.3,Right,MELODY,4,0.866,0.866,True,0.463,10.0,12
Note_000354,58,11833.32,101.85,Right,INNER,1,0.551,0.551,True,0.467,5.0,12
Note_000355,61,11833.32,101.85,Right,INNER,3,0.551,0.551,True,0.467,5.0,12
Note_000356,66,11833.32,101.85,Right,MELODY,4,0.551,0.551,True,0.467,5.0,12
Note_000357,40,11999.99,212.96,Left,BASS,1,0.866,0.866,False,0.218,10.0,0
Note_000358,75,11999.99,212.96,Right,MELODY,4,0.827,0.827,True,0.621,-5.0,0
Note_000359,58,12055.54,101.85,Right,INNER,1,0.551,0.551,True,0.506,5.0,0
Note_000360,61,12055.54,101.85,Right,INNER,2,0.551,0.551,True,0.506,5.0,0
Note_000361,66,12055.54,101.85,Right,INNER,3,0.551,0.551,True,0.506,5.0,0
Note_000362,75,12083.32,212.96,Right,MELODY,5,0.827,0.827,True,0.506,5.0,0
Note_000363,39,12222.21,212.96,Left,BASS,2,1.0,1.0,True,0.207,5.0,0
Note_000364,61,12222.21,101.85,Right,INNER,1,0.906,0.906,True,0.557,0.0,0
Note_000365,78,12222.21,212.96,Right,MELODY,5,0.787,0.787,True,0.557,0.0,0
Note_000366,78,12305.54,212.96,Right,MELODY,2,0.787,0.787,True,0.655,5.0,0
Note_000367,32,12444.43,212.96,Left,BASS,5,1.0,1.0,True,0.157,-5.0,12
Note_000368,35,12444.43,212.96,Left,INNER,3,0.961,0.961,False,0.157,-5.0,12
Note_000369,37,12444.43,101.85,Left,INNER,2,0.961,0.961,True,0.157,-5.0,12
Note_000370,80,12444.43,324.07,Right,MELODY,4,0.866,0.866,True,0.678,-5.0,0
Note_000371,80,12527.77,324.07,Right,MELODY,3,0.866,0.866,True,0.678,0.0,0
Note_000372,32,12666.65,101.85,Left,BASS,5,0.472,0.472,True,0.126,-10.0,12
Note_000373,61,12666.65,101.85,Right,MELODY,2,0.906,0.906,True,0.46,5.0,0
Note_000374,63,12777.76,46.3,Right,INNER,1,0.866,0.866,True,0.555,5.0,0
Note_000375,68,12777.76,46.3,Right,INNER,2,0.866,0.866,True,0.555,5.0,0
Note_000376,71,12777.76,46.3,Right,INNER,3,0.866,0.866,False,0.555,5.0,0
Note_000377,75,12777.76,101.85,Right,MELODY,5,0.819,0.819,True,0.555,5.0,0
Note_000378,63,12833.32,46.3,Right,INNER,1,0.551,0.551,True,0.555,10.0,12
Note_000379,68,12833.32,46.3,Right,INNER,2,0.551,0.551,True,0.555,10.0,12
Note_000380,71,12833.32,46.3,Right,INNER,3,0.551,0.551,False,0.555,10.0,12
Note_000381,75,12861.1,101.85,Right,MELODY,4,0.819,0.819,True,0.555,10.0,12
Note_000382,40,12888.88,212.96,Left,BASS,1,0.866,0.866,False,0.218,10.0,0
Note_000383,80,12888.88,212.96,Right,MELODY,5,0.866,0.866,True,0.678,-10.0,-12
Note_000384,63,12944.43,101.85,Right,INNER,1,0.551,0.551,True,0.569,5.0,0
Note_000385,68,12944.43,101.85,Right,INNER,2,0.551,0.551,True,0.569,5.0,0
Note_000386,71,12944.43,101.85,Right,INNER,3,0.551,0.551,False,0.569,5.0,0
Note_000387,80,12972.21,212.96,Right,MELODY,5,0.866,0.866,True,0.569,5.0,0
Note_000388,32,13111.1,212.96,Left,BASS,5,1.0,1.0,True,0.157,-5.0,12
Note_000389,35,13111.1,212.96,Left,INNER,3,0.961,0.961,False,0.157,-5.0,12
Note_000390,37,13111.1,101.85,Left,INNER,2,0.961,0.961,True,0.157,-5.0,12
Note_000391,82,13111.1,212.96,Right,MELODY,1,0.843,0.843,True,0.701,10.0,12
Note_000392,82,13194.43,212.96,Right,MELODY,4,0.843,0.843,True,0.701,-5.0,0
Note_000393,35,13333.32,212.96,Left,BASS,3,0.961,0.961,False,0.184,15.0,-12
Note_000394,37,13333.32,101.85,Left,INNER,2,0.961,0.961,True,0.184,15.0,-12
Note_000395,39,13333.32,212.96,Left,INNER,1,1.0,1.0,True,0.184,15.0,-12
Note_000396,78,13333.32,212.96,Right,MELODY,2,0.866,0.866,True,0.655,5.0,0
Note_000397,78,13416.65,212.96,Right,MELODY,5,0.866,0.866,True,0.655,-10.0,-12
Note_000398,37,13555.54,101.85,Left,BASS,5,0.961,0.961,True,0.195,-10.0,12
Note_000399,39,13555.54,101.85,Left,INNER,3,0.472,0.472,True,0.195,-10.0,12
Note_000400,58,13555.54,46.3,Right,INNER,1,0.866,0.866,True,0.468,10.0,12
Note_000401,60,13555.54,101.85,Right,INNER,2,0.906,0.906,False,0.468,10.0,12
Note_000402,63,13555.54,46.3,Right,INNER,3,0.866,0.866,True,0.468,10.0,12
Note_000403,66,13555.54,46.3,Right,MELODY,4,0.866,0.866,True,0.468,10.0,12
Note_000404,58,13611.1,101.85,Right,INNER,1,0.551,0.551,True,0.475,5.0,12
Note_000405,63,13611.1,101.85,Right,INNER,3,0.551,0.551,True,0.475,5.0,12
Note_000406,66,13611.1,101.85,Right,MELODY,4,0.551,0.551,True,0.475,5.0,12
Note_000407,40,13777.76,212.96,Left,BASS,1,0.866,0.866,False,0.218,10.0,0
Note_000408,75,13777.76,212.96,Right,MELODY,4,0.866,0.866,True,0.621,-5.0,0
Note_000409,58,13833.32,101.85,Right,INNER,1,0.551,0.551,True,0.511,5.0,0
Note_000410,63,13833.32,101.85,Right,INNER,2,0.551,0.551,True,0.511,5.0,0
Note_000411,66,13833.32,101.85,Right,INNER,3,0.551,0.551,True,0.511,5.0,0
Note_000412,75,13861.1,212.96,Right,MELODY,5,0.866,0.866,True,0.511,5.0,0
Note_000413,39,13999.99,212.96,Left,BASS,2,1.0,1.0,True,0.207,5.0,0
Note_000414,61,13999.99,101.85,Right,INNER,1,0.906,0.906,True,0.557,0.0,0
Note_000415,78,13999.99,212.96,Right,MELODY,5,0.866,0.866,True,0.557,0.0,0
Note_000416,78,14083.32,212.96,Right,MELODY,4,0.866,0.866,True,0.655,-5.0,0
Note_000417,34,14222.21,212.96,Left,BASS,3,1.0,1.0,True,0.176,15.0,0
Note_000418,35,14222.21,212.96,Left,INNER,2,0.961,0.961,False,0.176,15.0,0
Note_000419,40,14222.21,212.96,Left,INNER,1,0.866,0.866,False,0.176,15.0,0
Note_000420,65,14222.21,46.3,Right,INNER,1,0.866,0.866,False,0.575,5.0,0
Note_000421,68,14222.21,46.3,Right,INNER,2,0.866,0.866,True,0.575,5.0,0
Note_000422,74,14222.21,46.3,Right,INNER,3,0.866,0.866,False,0.575,5.0,0
Note_000423,77,14222.21,212.96,Right,MELODY,5,0.866,0.866,False,0.575,5.0,0
Note_000424,65,14277.76,101.85,Right,INNER,1,0.551,0.551,False,0.575,10.0,0
Note_000425,68,14277.76,101.85,Right,INNER,2,0.551,0.551,True,0.575,10.0,0
Note_000426,74,14277.76,101.85,Right,INNER,3,0.551,0.551,False,0.575,10.0,0
Note_000427,77,14305.54,212.96,Right,MELODY,4,0.866,0.866,False,0.575,10.0,0
Note_000428,34,14444.43,101.85,Left,BASS,5,0.472,0.472,True,0.167,-10.0,12
Note_000429,37,14444.43,101.85,Left,INNER,3,0.961,0.961,True,0.167,-10.0,12
Note_000430,34,14666.65,212.96,Left,BASS,3,1.0,1.0,True,0.176,15.0,0
Note_000431,35,14666.65,212.96,Left,INNER,2,0.961,0.961,False,0.176,15.0,0
Note_000432,40,14666.65,212.96,Left,INNER,1,0.866,0.866,False,0.176,15.0,0
Note_000433,65,14666.65,46.3,Right,INNER,1,0.866,0.866,False,0.575,10.0,0
Note_000434,68,14666.65,46.3,Right,INNER,2,0.866,0.866,True,0.575,10.0,0
Note_000435,74,14666.65,46.3,Right,INNER,3,0.866,0.866,False,0.575,10.0,0
Note_000436,77,14666.65,212.96,Right,MELODY,4,0.866,0.866,False,0.575,10.0,0
Note_000437,65,14722.21,101.85,Right,INNER,1,0.551,0.551,False,0.575,5.0,0
Note_000438,68,14722.21,101.85,Right,INNER,2,0.551,0.551,True,0.575,5.0,0
Note_000439,74,14722.21,101.85,Right,INNER,3,0.551,0.551,False,0.575,5.0,0
Note_000440,77,14749.99,212.96,Right,MELODY,5,0.866,0.866,False,0.575,5.0,0
Note_000441,34,14888.87,101.85,Left,BASS,4,0.472,0.472,True,0.167,-5.0,0
Note_000442,37,14888.87,101.85,Left,INNER,3,0.961,0.961,True,0.167,-5.0,0
Note_000443,70,14888.87,101.85,Right,MELODY,4,0.866,0.866,True,0.563,-5.0,0
Note_000444,70,14999.98,101.85,Right,MELODY,5,0.866,0.866,True,0.563,-10.0,-12
Note_000445,56,15111.1,101.85,Right,INNER,2,0.866,0.866,True,0.471,-5.0,-12
Note_000446,68,15111.1,212.96,Right,MELODY,5,0.866,0.866,True,0.471,-5.0,-12
Note_000447,56,15222.21,101.85,Right,MELODY,2,0.866,0.866,True,0.402,5.0,0
Note_000448,35,15333.32,212.96,Left,BASS,5,0.961,0.961,False,0.172,-15.0,0
Note_000449,37,15333.32,101.85,Left,INNER,4,0.961,0.961,True,0.172,-15.0,0
Note_000450,60,15333.32,101.85,Right,INNER,1,0.906,0.906,False,0.51,5.0,0
Note_000451,66,15333.32,212.96,Right,INNER,3,0.866,0.866,True,0.51,5.0,0
Note_000452,70,15333.32,101.85,Right,MELODY,4,0.819,0.819,True,0.51,5.0,0
Note_000453,70,15416.65,101.85,Right,INNER,2,0.819,0.819,True,0.525,5.0,-12
Note_000454,60,15444.43,101.85,Right,INNER,1,0.906,0.906,False,0.525,5.0,-12
Note_000455,70,15444.43,101.85,Right,MELODY,5,0.787,0.787,True,0.525,5.0,-12
Note_000456,70,15527.76,101.85,Right,INNER,3,0.787,0.787,True,0.517,10.0,12
Note_000457,40,15555.54,212.96,Left,BASS,1,0.866,0.866,False,0.218,10.0,0
Note_000458,56,15555.54,101.85,Right,INNER,1,0.866,0.866,True,0.517,10.0,12
Note_000459,65,15555.54,212.96,Right,INNER,2,0.866,0.866,False,0.517,10.0,12
Note_000460,73,15555.54,212.96,Right,MELODY,4,0.866,0.866,True,0.517,10.0,12
Note_000461,73,15638.87,212.96,Right,MELODY,5,0.866,0.866,True,0.598,-10.0,-12
Note_000462,58,15777.76,212.96,Right,INNER,1,0.866,0.866,True,0.483,10.0,12
Note_000463,61,15777.76,101.85,Right,INNER,2,0.906,0.906,True,0.483,10.0,12
Note_000464,70,15777.76,212.96,Right,MELODY,4,0.827,0.827,True,0.483,10.0,12
Note_000465,70,15861.1,212.96,Right,MELODY,3,0.827,0.827,True,0.563,0.0,0
Note_000466,35,15999.98,212.96,Left,BASS,5,0.961,0.961,False,0.184,-5.0,0
Note_000467,37,15999.98,101.85,Left,INNER,3,0.961,0.961,True,0.184,-5.0,0
Note_000468,39,15999.98,435.18,Left,INNER,2,1.0,1.0,True,0.184,-5.0,0
Note_000469,73,15999.98,212.96,Right,MELODY,5,0.843,0.843,True,0.598,-10.0,-12
Note_000470,73,16083.32,212.96,Right,MELODY,4,0.843,0.843,True,0.54,5.0,12
Note_000471,63,16111.09,101.85,Right,INNER,1,0.866,0.866,True,0.54,5.0,12
Note_000472,58,16222.21,212.96,Right,INNER,1,0.866,0.866,True,0.506,5.0,0
Note_000473,61,16222.21,101.85,Right,INNER,2,0.906,0.906,True,0.506,5.0,0
Note_000474,66,16222.21,212.96,Right,INNER,3,0.866,0.866,True,0.506,5.0,0
Note_000475,75,16222.21,1435.18,Right,MELODY,5,0.866,0.866,True,0.506,5.0,0
Note_000476,75,16305.54,1435.18,Right,MELODY,4,0.866,0.866,True,0.621,-5.0,0
Note_000477,39,16444.43,101.85,Left,BASS,2,0.472,0.472,True,0.213,15.0,0
Note_000478,40,16444.43,212.96,Left,INNER,1,0.866,0.866,False,0.213,15.0,0
Note_000479,56,16444.43,101.85,Right,INNER,1,0.866,0.866,True,0.452,5.0,0
Note_000480,57,16444.43,212.96,Right,INNER,2,0.866,0.866,False,0.452,5.0,0
Note_000481,68,16444.43,212.96,Right,MELODY,5,0.866,0.866,True,0.452,5.0,0
Note_000482,35,16666.65,212.96,Left,BASS,5,0.961,0.961,False,0.184,-5.0,0
Note_000483,37,16666.65,101.85,Left,INNER,3,0.961,0.961,True,0.184,-5.0,0
Note_000484,39,16666.65,212.96,Left,INNER,2,1.0,1.0,True,0.184,-5.0,0
Note_000485,56,16666.65,64.81,Right,INNER,2,0.866,0.866,True,0.475,-5.0,-12
Note_000486,61,16666.65,101.85,Right,INNER,3,0.906,0.906,True,0.475,-5.0,-12
Note_000487,70,16666.65,212.96,Right,MELODY,5,0.866,0.866,True,0.475,-5.0,-12
Note_000488,57,16740.72,64.81,Right,MELODY,2,0.866,0.866,False,0.414,5.0,0
Note_000489,56,16814.8,64.81,Right,MELODY,1,0.866,0.866,True,0.402,10.0,12
Note_000490,34,16888.87,212.96,Left,BASS,3,1.0,1.0,True,0.165,15.0,-12
Note_000491,35,16888.87,212.96,Left,INNER,2,0.961,0.961,False,0.165,15.0,-12
Note_000492,37,16888.87,101.85,Left,INNER,1,0.961,0.961,True,0.165,15.0,-12
Note_000493,54,16888.87,212.96,Right,INNER,2,0.866,0.866,True,0.421,-5.0,-12
Note_000494,56,16888.87,101.85,Right,INNER,3,0.866,0.866,True,0.421,-5.0,-12
Note_000495,63,16888.87,435.18,Right,MELODY,5,0.866,0.866,True,0.421,-5.0,-12
Note_000496,34,17111.09,212.96,Left,BASS,5,1.0,1.0,True,0.167,-10.0,12
Note_000497,37,17111.09,101.85,Left,INNER,3,0.961,0.961,True,0.167,-10.0,12
Note_000498,49,17111.09,212.96,Right,INNER,1,0.866,0.866,True,0.385,15.0,12
Note_000499,60,17111.09,101.85,Right,MELODY,2,0.906,0.906,False,0.385,15.0,12
Note_000500,37,17333.32,212.96,Left,BASS,3,1.0,1.0,True,0.201,5.0,0
Note_000501,40,17333.32,212.96,Left,INNER,2,0.866,0.866,False,0.201,5.0,0
Note_000502,51,17333.32,101.85,Right,INNER,2,0.866,0.866,True,0.431,-10.0,-12
Note_000503,56,17333.32,101.85,Right,INNER,3,0.866,0.866,True,0.431,-10.0,-12
Note_000504,61,17333.32,212.96,Right,INNER,4,0.866,0.866,True,0.431,-10.0,-12
Note_000505,66,17333.32,212.96,Right,MELODY,5,0.866,0.866,True,0.431,-10.0,-12
Note_000506,51,17444.43,101.85,Right,MELODY,2,0.866,0.866,True,0.345,5.0,0
Note_000507,34,17555.54,212.96,Left,BASS,5,1.0,1.0,True,0.149,-10.0,12
Note_000508,56,17555.54,212.96,Right,INNER,0,0.866,0.866,True,0.492,-0.0,-12
Note_000509,60,17555.54,101.85,Right,INNER,1,0.906,0.906,False,0.492,-0.0,-12
Note_000510,61,17555.54,212.96,Right,INNER,2,0.866,0.866,True,0.492,-0.0,-12
Note_000511,65,17555.54,212.96,Right,INNER,3,0.866,0.866,False,0.492,-0.0,-12
Note_000512,68,17555.54,212.96,Right,INNER,4,0.866,0.866,True,0.492,-0.0,-12
Note_000513,73,17555.54,212.96,Right,MELODY,5,0.866,0.866,True,0.492,-0.0,-12
Note_000514,35,17777.76,212.96,Left,BASS,5,0.961,0.961,False,0.184,-5.0,0
Note_000515,37,17777.76,101.85,Left,INNER,3,0.961,0.961,True,0.184,-5.0,0
Note_000516,39,17777.76,101.85,Left,INNER,2,1.0,1.0,True,0.184,-5.0,0
Note_000517,58,17777.76,101.85,Right,INNER,1,0.866,0.866,True,0.522,-0.0,0
Note_000518,63,17777.76,101.85,Right,INNER,2,0.866,0.866,True,0.522,-0.0,0
Note_000519,66,17777.76,46.3,Right,INNER,3,0.866,0.866,True,0.522,-0.0,0
Note_000520,70,17777.76,46.3,Right,INNER,4,0.866,0.866,True,0.522,-0.0,0
Note_000521,75,17777.76,46.3,Right,MELODY,5,0.866,0.866,True,0.522,-0.0,0
Note_000522,66,17833.32,101.85,Right,INNER,3,0.551,0.551,True,0.567,-15.0,-12
Note_000523,70,17833.32,101.85,Right,INNER,4,0.551,0.551,True,0.567,-15.0,-12
Note_000524,75,17833.32,101.85,Right,MELODY,5,0.551,0.551,True,0.567,-15.0,-12
Note_000525,39,17888.87,101.85,Left,BASS,2,0.472,0.472,True,0.207,5.0,0
Note_000526,35,17999.98,212.96,Left,BASS,5,0.961,0.961,False,0.184,-5.0,0
Note_000527,37,17999.98,101.85,Left,INNER,3,0.961,0.961,True,0.184,-5.0,0
Note_000528,39,17999.98,101.85,Left,INNER,2,1.0,1.0,True,0.184,-5.0,0
Note_000529,58,17999.98,101.85,Right,INNER,1,0.866,0.866,True,0.522,-0.0,0
Note_000530,63,17999.98,101.85,Right,INNER,2,0.866,0.866,True,0.522,-0.0,0
Note_000531,66,17999.98,46.3,Right,INNER,3,0.866,0.866,True,0.522,-0.0,0
Note_000532,70,17999.98,46.3,Right,INNER,4,0.866,0.866,True,0.522,-0.0,0
Note_000533,75,17999.98,46.3,Right,MELODY,5,0.866,0.866,True,0.522,-0.0,0
Note_000534,66,18055.54,101.85,Right,INNER,3,0.551,0.551,True,0.567,-15.0,-12
Note_000535,70,18055.54,101.85,Right,INNER,4,0.551,0.551,True,0.567,-15.0,-12
Note_000536,75,18055.54,101.85,Right,MELODY,5,0.551,0.551,True,0.567,-15.0,-12
Note_000537,39,18111.09,101.85,Left,BASS,2,0.472,0.472,True,0.207,5.0,0
Note_000538,35,18222.2,212.96,Left,BASS,5,0.961,0.961,False,0.172,-10.0,0
Note_000539,37,18222.2,101.85,Left,INNER,3,0.961,0.961,True,0.172,-10.0,0
Note_000540,58,18222.2,101.85,Right,INNER,1,0.866,0.866,True,0.522,-0.0,0
Note_000541,63,18222.2,101.85,Right,INNER,2,0.866,0.866,True,0.522,-0.0,0
Note_000542,66,18222.2,46.3,Right,INNER,3,0.866,0.866,True,0.522,-0.0,0
Note_000543,70,18222.2,46.3,Right,INNER,4,0.866,0.866,True,0.522,-0.0,0
Note_000544,75,18222.2,46.3,Right,MELODY,5,0.866,0.866,True,0.522,-0.0,0
Note_000545,39,18277.76,46.3,Left,BASS,2,0.472,0.472,True,0.207,5.0,0
Note_000546,66,18277.76,101.85,Right,INNER,3,0.551,0.551,True,0.567,-15.0,-12
Note_000547,70,18277.76,101.85,Right,INNER,4,0.551,0.551,True,0.567,-15.0,-12
Note_000548,75,18277.76,101.85,Right,MELODY,5,0.551,0.551,True,0.567,-15.0,-12
Note_000549,41,18444.43,101.85,Left,BASS,1,0.906,0.906,False,0.23,10.0,0
Note_000550,40,18555.54,101.85,Left,BASS,2,0.866,0.866,False,0.218,5.0,0
Note_000551,38,18666.65,101.85,Left,BASS,5,0.906,0.906,False,0.195,-10.0,0
Note_000552,40,18777.76,212.96,Left,BASS,1,0.866,0.866,False,0.218,10.0,0
Note_000553,37,18888.87,101.85,Left,BASS,5,0.961,0.961,True,0.184,-10.0,12
Note_000554,75,18888.87,212.96,Right,INNER,2,0.866,0.866,True,0.621,5.0,0
Note_000555,75,18888.87,101.85,Right,MELODY,3,0.866,0.866,True,0.621,5.0,0
Note_000556,75,18972.2,212.96,Right,INNER,1,0.866,0.866,True,0.621,5.0,12
Note_000557,75,18999.98,101.85,Right,MELODY,4,0.559,0.559,True,0.621,5.0,12
Note_000558,40,19111.09,212.96,Left,BASS,5,0.866,0.866,False,0.27,-5.0,0
Note_000559,49,19111.09,324.07,Left,INNER,2,0.906,0.906,True,0.27,-5.0,0
Note_000560,73,19111.09,212.96,Right,INNER,2,0.827,0.827,True,0.598,0.0,0
Note_000561,73,19111.09,101.85,Right,MELODY,4,0.866,0.866,True,0.598,0.0,0
Note_000562,73,19194.43,212.96,Right,INNER,3,0.827,0.827,True,0.598,-10.0,-12
Note_000563,73,19222.2,101.85,Right,MELODY,5,0.559,0.559,True,0.598,-10.0,-12
Note_000564,37,19333.31,101.85,Left,BASS,1,0.961,0.961,True,0.184,10.0,-12
Note_000565,78,19333.31,212.96,Right,INNER,1,0.819,0.819,True,0.655,15.0,12
Note_000566,78,19333.31,101.85,Right,MELODY,2,0.866,0.866,True,0.655,15.0,12
Note_000567,78,19416.65,212.96,Right,INNER,3,0.819,0.819,True,0.655,-5.0,0
Note_000568,78,19444.43,101.85,Right,MELODY,4,0.512,0.512,True,0.655,-5.0,0
Note_000569,35,19555.54,212.96,Left,BASS,5,0.961,0.961,False,0.184,-5.0,0
Note_000570,37,19555.54,101.85,Left,INNER,3,0.961,0.961,True,0.184,-5.0,0
Note_000571,39,19555.54,101.85,Left,INNER,2,1.0,1.0,True,0.184,-5.0,0
Note_000572,75,19555.54,212.96,Right,INNER,1,0.866,0.866,True,0.621,15.0,12
Note_000573,75,19555.54,101.85,Right,MELODY,2,0.866,0.866,True,0.621,15.0,12
Note_000574,75,19638.87,212.96,Right,INNER,3,0.866,0.866,True,0.621,-5.0,0
Note_000575,39,19666.65,101.85,Left,BASS,2,0.472,0.472,True,0.207,5.0,0
Note_000576,75,19666.65,101.85,Right,MELODY,4,0.512,0.512,True,0.621,-5.0,0
Note_000577,35,19777.76,212.96,Left,BASS,5,0.961,0.961,False,0.184,-5.0,0
Note_000578,37,19777.76,101.85,Left,INNER,3,0.961,0.961,True,0.184,-5.0,0
Note_000579,39,19777.76,101.85,Left,INNER,2,1.0,1.0,True,0.184,-5.0,0
Note_000580,70,19777.76,101.85,Right,INNER,1,1.0,1.0,True,0.592,15.0,12
Note_000581,75,19777.76,101.85,Right,MELODY,2,0.315,0.315,True,0.592,15.0,12
Note_000582,39,19888.87,101.85,Left,BASS,2,0.472,0.472,True,0.207,5.0,0
Note_000583,58,19888.87,101.85,Right,INNER,2,0.866,0.866,True,0.456,0.0,0
Note_000584,61,19888.87,101.85,Right,INNER,3,0.866,0.866,True,0.456,0.0,0
Note_000585,63,19888.87,101.85,Right,MELODY,4,0.866,0.866,True,0.456,0.0,0
Note_000586,40,19999.98,212.96,Left,BASS,1,0.866,0.866,False,0.218,10.0,0
Note_000587,94,19999.98,212.96,Right,MELODY,5,0.551,0.551,True,0.839,-10.0,-12
Note_000588,70,20083.31,212.96,Right,INNER,2,0.819,0.819,True,0.563,5.0,0
Note_000589,70,20111.09,101.85,Right,MELODY,3,0.512,0.512,True,0.563,5.0,0
Note_000590,35,20222.2,212.96,Left,BASS,5,0.961,0.961,False,0.172,-5.0,0
Note_000591,37,20222.2,101.85,Left,INNER,2,0.961,0.961,True,0.172,-5.0,0
Note_000592,102,20222.2,212.96,Right,MELODY,4,0.551,0.551,True,0.931,-5.0,0
Note_000593,73,20305.54,212.96,Right,INNER,2,0.827,0.827,True,0.598,5.0,0
Note_000594,40,20333.31,101.85,Left,BASS,1,0.866,0.866,False,0.218,10.0,0
Note_000595,73,20333.31,101.85,Right,MELODY,3,0.512,0.512,True,0.598,5.0,0
Note_000596,56,20444.42,101.85,Right,INNER,1,0.787,0.787,True,0.5,0.0,0
Note_000597,73,20444.42,101.85,Right,MELODY,5,0.315,0.315,True,0.5,0.0,0
Note_000598,35,20666.65,212.96,Left,BASS,5,0.961,0.961,False,0.172,-5.0,0
Note_000599,37,20666.65,101.85,Left,INNER,2,0.961,0.961,True,0.172,-5.0,0
Note_000600,70,20666.65,101.85,Right,INNER,1,1.0,1.0,True,0.602,15.0,12
Note_000601,75,20666.65,212.96,Right,INNER,2,0.866,0.866,True,0.602,15.0,12
Note_000602,75,20666.65,101.85,Right,MELODY,3,0.866,0.866,True,0.602,15.0,12
Note_000603,75,20749.98,212.96,Right,INNER,4,0.866,0.866,True,0.621,-15.0,-12
Note_000604,75,20777.76,101.85,Right,MELODY,5,0.512,0.512,True,0.621,-15.0,-12
Note_000605,40,20888.87,212.96,Left,BASS,1,0.866,0.866,False,0.218,10.0,0
Note_000606,65,20888.87,101.85,Right,INNER,1,1.0,1.0,False,0.544,15.0,0
Note_000607,70,20888.87,101.85,Right,INNER,2,0.835,0.835,True,0.544,15.0,0
Note_000608,70,20888.87,101.85,Right,MELODY,3,0.866,0.866,True,0.544,15.0,0
Note_000609,70,20972.2,101.85,Right,INNER,2,0.835,0.835,True,0.549,10.0,0
Note_000610,65,20999.98,101.85,Right,INNER,1,1.0,1.0,False,0.549,10.0,0
Note_000611,70,20999.98,101.85,Right,INNER,3,0.803,0.803,True,0.549,10.0,0
Note_000612,70,20999.98,101.85,Right,MELODY,4,0.512,0.512,True,0.549,10.0,0
Note_000613,70,21083.31,101.85,Right,INNER,2,0.803,0.803,True,0.58,-10.0,-12
Note_000614,35,21111.09,212.96,Left,BASS,3,0.961,0.961,False,0.172,5.0,0
Note_000615,37,21111.09,101.85,Left,INNER,2,0.961,0.961,True,0.172,5.0,0
Note_000616,70,21111.09,101.85,Right,INNER,3,1.0,1.0,True,0.58,-10.0,-12
Note_000617,73,21111.09,212.96,Right,INNER,4,0.835,0.835,True,0.58,-10.0,-12
Note_000618,73,21111.09,101.85,Right,MELODY,5,0.866,0.866,True,0.58,-10.0,-12
Note_000619,73,21194.42,212.96,Right,INNER,1,0.835,0.835,True,0.598,15.0,12
Note_000620,73,21222.2,101.85,Right,MELODY,2,0.512,0.512,True,0.598,15.0,12
Note_000621,35,21333.31,212.96,Left,BASS,5,0.961,0.961,False,0.184,-15.0,0
Note_000622,37,21333.31,101.85,Left,INNER,4,0.961,0.961,True,0.184,-15.0,0
Note_000623,39,21333.31,101.85,Left,INNER,3,1.0,1.0,True,0.184,-15.0,0
Note_000624,61,21333.31,324.07,Right,INNER,0,0.866,0.866,True,0.546,0.0,0
Note_000625,63,21333.31,324.07,Right,INNER,1,0.866,0.866,True,0.546,0.0,0
Note_000626,65,21333.31,101.85,Right,INNER,2,1.0,1.0,False,0.546,0.0,0
Note_000627,66,21333.31,324.07,Right,INNER,3,0.866,0.866,True,0.546,0.0,0
Note_000628,78,21333.31,435.18,Right,INNER,5,0.866,0.866,True,0.546,0.0,0
Note_000629,78,21333.31,101.85,Right,MELODY,4,0.866,0.866,True,0.546,0.0,0
Note_000630,78,21416.65,435.18,Right,INNER,3,0.866,0.866,True,0.655,-5.0,0
Note_000631,39,21444.42,101.85,Left,BASS,2,0.472,0.472,True,0.207,5.0,0
Note_000632,78,21444.42,101.85,Right,MELODY,4,0.512,0.512,True,0.655,-5.0,0
Note_000633,35,21555.53,212.96,Left,BASS,5,0.961,0.961,False,0.184,-5.0,0
Note_000634,37,21555.53,101.85,Left,INNER,3,0.961,0.961,True,0.184,-5.0,0
Note_000635,39,21555.53,101.85,Left,INNER,2,1.0,1.0,True,0.184,-5.0,0
Note_000636,70,21555.53,101.85,Right,INNER,1,1.0,1.0,True,0.609,15.0,12
Note_000637,78,21555.53,101.85,Right,MELODY,2,0.315,0.315,True,0.609,15.0,12
Note_000638,39,21666.64,101.85,Left,BASS,2,0.472,0.472,True,0.207,5.0,0
Note_000639,61,21666.65,101.85,Right,INNER,2,0.866,0.866,True,0.487,-0.0,0
Note_000640,63,21666.65,101.85,Right,INNER,3,0.866,0.866,True,0.487,-0.0,0
Note_000641,66,21666.65,101.85,Right,MELODY,4,0.866,0.866,True,0.487,-0.0,0
Note_000642,40,21777.76,212.96,Left,BASS,1,0.866,0.866,False,0.218,10.0,0
Note_000643,99,21777.76,212.96,Right,MELODY,5,0.551,0.551,True,0.897,-10.0,-12
Note_000644,70,21861.09,212.96,Right,INNER,2,0.835,0.835,True,0.563,5.0,0
Note_000645,70,21888.87,101.85,Right,MELODY,3,0.512,0.512,True,0.563,5.0,0
Note_000646,35,21999.98,212.96,Left,BASS,3,0.961,0.961,False,0.172,5.0,0
Note_000647,37,21999.98,101.85,Left,INNER,2,0.961,0.961,True,0.172,5.0,0
Note_000648,94,21999.98,212.96,Right,MELODY,4,0.551,0.551,True,0.839,-5.0,0
Note_000649,73,22083.31,212.96,Right,INNER,2,0.819,0.819,True,0.598,5.0,0
Note_000650,73,22111.09,101.85,Right,MELODY,3,0.512,0.512,True,0.598,5.0,0
Note_000651,56,22222.2,101.85,Right,INNER,1,0.787,0.787,True,0.5,0.0,0
Note_000652,73,22222.2,101.85,Right,MELODY,5,0.315,0.315,True,0.5,0.0,0
Note_000653,35,22444.42,212.96,Left,BASS,5,0.961,0.961,False,0.172,-10.0,0
Note_000654,37,22444.42,101.85,Left,INNER,3,0.961,0.961,True,0.172,-10.0,0
Note_000655,70,22444.42,101.85,Right,INNER,2,1.0,1.0,True,0.602,-5.0,-12
Note_000656,75,22444.42,101.85,Right,INNER,3,0.866,0.866,True,0.602,-5.0,-12
Note_000657,75,22444.42,101.85,Right,MELODY,5,0.866,0.866,True,0.602,-5.0,-12
Note_000658,75,22527.76,101.85,Right,INNER,1,0.866,0.866,True,0.621,10.0,12
Note_000659,75,22555.53,101.85,Right,INNER,2,0.827,0.827,True,0.621,10.0,12
Note_000660,75,22555.53,101.85,Right,MELODY,4,0.512,0.512,True,0.621,10.0,12
Note_000661,75,22638.87,101.85,Right,MELODY,4,0.827,0.827,True,0.563,10.0,0
Note_000662,40,22666.64,101.85,Left,BASS,1,0.866,0.866,False,0.218,10.0,0
Note_000663,65,22666.64,101.85,Right,INNER,1,1.0,1.0,False,0.563,10.0,0
Note_000664,70,22666.64,212.96,Right,INNER,2,0.835,0.835,True,0.563,10.0,0
Note_000665,70,22666.64,101.85,Right,INNER,3,0.866,0.866,True,0.563,10.0,0
Note_000666,70,22749.98,212.96,Right,INNER,4,0.835,0.835,True,0.544,-15.0,-12
Note_000667,37,22777.76,101.85,Left,BASS,2,0.961,0.961,True,0.184,5.0,0
Note_000668,65,22777.76,101.85,Right,INNER,3,1.0,1.0,False,0.544,-15.0,-12
Note_000669,70,22777.76,101.85,Right,MELODY,5,0.512,0.512,True,0.544,-15.0,-12
Note_000670,35,22888.87,212.96,Left,BASS,5,0.961,0.961,False,0.19,-5.0,0
Note_000671,40,22888.87,212.96,Left,INNER,2,0.866,0.866,False,0.19,-5.0,0
Note_000672,70,22888.87,101.85,Right,INNER,2,1.0,1.0,True,0.586,-5.0,-12
Note_000673,73,22888.87,212.96,Right,INNER,3,0.811,0.811,True,0.586,-5.0,-12
Note_000674,73,22888.87,101.85,Right,MELODY,5,0.866,0.866,True,0.586,-5.0,-12
Note_000675,73,22972.2,212.96,Right,INNER,1,0.811,0.811,True,0.598,5.0,12
Note_000676,73,22999.98,101.85,Right,MELODY,4,0.512,0.512,True,0.598,5.0,12
Note_000677,32,23111.09,101.85,Left,BASS,5,1.0,1.0,True,0.198,5.0,0
Note_000678,35,23111.09,212.96,Left,INNER,3,0.961,0.961,False,0.198,5.0,0
Note_000679,37,23111.09,101.85,Left,INNER,2,0.961,0.961,True,0.198,5.0,0
Note_000680,49,23111.09,435.18,Left,INNER,1,0.906,0.906,True,0.198,5.0,0
Note_000681,59,23111.09,324.07,Right,INNER,0,0.866,0.866,False,0.531,-0.0,0
Note_000682,63,23111.09,324.07,Right,INNER,1,0.866,0.866,True,0.531,-0.0,0
Note_000683,65,23111.09,101.85,Right,INNER,2,1.0,1.0,False,0.531,-0.0,0
Note_000684,66,23111.09,324.07,Right,INNER,3,0.866,0.866,True,0.531,-0.0,0
Note_000685,75,23111.09,435.18,Right,INNER,5,0.85,0.85,True,0.531,-0.0,0
Note_000686,75,23111.09,101.85,Right,MELODY,4,0.866,0.866,True,0.531,-0.0,0
Note_000687,75,23194.42,435.18,Right,INNER,1,0.85,0.85,True,0.621,5.0,12
Note_000688,32,23222.2,101.85,Left,BASS,5,0.472,0.472,True,0.126,-10.0,12
Note_000689,75,23222.2,101.85,Right,MELODY,4,0.512,0.512,True,0.621,5.0,12
Note_000690,32,23333.31,101.85,Left,BASS,5,1.0,1.0,True,0.157,-5.0,12
Note_000691,35,23333.31,212.96,Left,INNER,3,0.961,0.961,False,0.157,-5.0,12
Note_000692,37,23333.31,101.85,Left,INNER,2,0.961,0.961,True,0.157,-5.0,12
Note_000693,70,23333.31,101.85,Right,INNER,3,1.0,1.0,True,0.592,-5.0,0
Note_000694,75,23333.31,101.85,Right,MELODY,4,0.315,0.315,True,0.592,-5.0,0
Note_000695,32,23444.42,101.85,Left,BASS,5,0.472,0.472,True,0.126,-10.0,12
Note_000696,59,23444.42,101.85,Right,INNER,1,0.866,0.866,False,0.479,15.0,0
Note_000697,63,23444.42,101.85,Right,INNER,2,0.866,0.866,True,0.479,15.0,0
Note_000698,66,23444.42,101.85,Right,MELODY,3,0.866,0.866,True,0.479,15.0,0
Note_000699,40,23555.53,212.96,Left,BASS,1,0.866,0.866,False,0.218,10.0,0
Note_000700,65,23555.53,101.85,Right,INNER,1,1.0,1.0,False,0.544,0.0,-12
Note_000701,70,23555.53,212.96,Right,INNER,3,0.843,0.843,True,0.544,0.0,-12
Note_000702,70,23555.53,101.85,Right,MELODY,5,0.866,0.866,True,0.544,0.0,-12
Note_000703,70,23638.87,212.96,Right,INNER,2,0.843,0.843,True,0.563,0.0,0
Note_000704,70,23666.64,101.85,Right,MELODY,4,0.512,0.512,True,0.563,0.0,0
Note_000705,35,23777.75,212.96,Left,BASS,5,0.961,0.961,False,0.172,-5.0,0
Note_000706,37,23777.75,101.85,Left,INNER,2,0.961,0.961,True,0.172,-5.0,0
Note_000707,70,23777.75,101.85,Right,INNER,3,1.0,1.0,True,0.586,-15.0,-12
Note_000708,73,23777.75,212.96,Right,INNER,4,0.819,0.819,True,0.586,-15.0,-12
Note_000709,73,23777.75,101.85,Right,MELODY,5,0.866,0.866,True,0.586,-15.0,-12
Note_000710,73,23861.09,212.96,Right,INNER,1,0.819,0.819,True,0.598,15.0,12
Note_000711,40,23888.87,101.85,Left,BASS,1,0.866,0.866,False,0.218,10.0,0
Note_000712,73,23888.87,101.85,Right,MELODY,2,0.512,0.512,True,0.598,15.0,12
Note_000713,34,23999.98,101.85,Left,BASS,2,1.0,1.0,True,0.149,5.0,0
Note_000714,56,23999.98,101.85,Right,INNER,1,0.787,0.787,True,0.483,0.0,0
Note_000715,58,23999.98,324.07,Right,INNER,2,0.866,0.866,True,0.483,0.0,0
Note_000716,62,23999.98,324.07,Right,INNER,3,0.866,0.866,False,0.483,0.0,0
Note_000717,66,23999.98,324.07,Right,INNER,4,0.866,0.866,True,0.483,0.0,0
Note_000718,73,23999.98,101.85,Right,MELODY,5,0.315,0.315,True,0.483,0.0,0
Note_000719,34,24111.09,101.85,Left,BASS,2,0.472,0.472,True,0.149,5.0,0
Note_000720,34,24222.2,101.85,Left,BASS,5,1.0,1.0,True,0.165,-5.0,12
Note_000721,35,24222.2,212.96,Left,INNER,3,0.961,0.961,False,0.165,-5.0,12
Note_000722,37,24222.2,101.85,Left,INNER,2,0.961,0.961,True,0.165,-5.0,12
Note_000723,70,24222.2,101.85,Right,INNER,1,1.0,1.0,True,0.625,0.0,0
Note_000724,78,24222.2,212.96,Right,INNER,3,0.858,0.858,True,0.625,0.0,0
Note_000725,78,24222.2,101.85,Right,MELODY,5,0.866,0.866,True,0.625,0.0,0
Note_000726,78,24305.53,212.96,Right,INNER,2,0.858,0.858,True,0.655,0.0,0
Note_000727,34,24333.31,101.85,Left,BASS,5,0.472,0.472,True,0.149,-10.0,12
Note_000728,78,24333.31,101.85,Right,MELODY,4,0.512,0.512,True,0.655,0.0,0
Note_000729,40,24444.42,212.96,Left,BASS,1,0.866,0.866,False,0.218,10.0,0
Note_000730,65,24444.42,101.85,Right,INNER,1,1.0,1.0,False,0.544,0.0,-12
Note_000731,70,24444.42,212.96,Right,INNER,3,0.866,0.866,True,0.544,0.0,-12
Note_000732,70,24444.42,101.85,Right,MELODY,5,0.866,0.866,True,0.544,0.0,-12
Note_000733,70,24527.75,212.96,Right,INNER,2,0.866,0.866,True,0.544,10.0,0
Note_000734,65,24555.53,101.85,Right,INNER,1,1.0,1.0,False,0.544,10.0,0
Note_000735,70,24555.53,101.85,Right,MELODY,4,0.512,0.512,True,0.544,10.0,0
Note_000736,35,24666.64,212.96,Left,BASS,3,0.961,0.961,False,0.172,5.0,0
Note_000737,37,24666.64,101.85,Left,INNER,2,0.961,0.961,True,0.172,5.0,0
Note_000738,70,24666.64,101.85,Right,INNER,3,1.0,1.0,True,0.586,-15.0,-12
Note_000739,73,24666.64,101.85,Right,INNER,4,0.843,0.843,True,0.586,-15.0,-12
Note_000740,73,24666.64,101.85,Right,MELODY,5,0.866,0.866,True,0.586,-15.0,-12
Note_000741,73,24749.98,101.85,Right,MELODY,3,0.843,0.843,True,0.575,15.0,12
Note_000742,70,24777.75,101.85,Right,INNER,1,0.811,0.811,True,0.575,15.0,12
Note_000743,70,24777.75,101.85,Right,INNER,2,0.866,0.866,True,0.575,15.0,12
Note_000744,70,24861.09,101.85,Right,INNER,3,0.811,0.811,True,0.532,-0.0,-12
Note_000745,35,24888.86,212.96,Left,BASS,5,0.961,0.961,False,0.184,-15.0,0
Note_000746,37,24888.86,101.85,Left,INNER,4,0.961,0.961,True,0.184,-15.0,0
Note_000747,39,24888.86,101.85,Left,INNER,3,1.0,1.0,True,0.184,-15.0,0
Note_000748,61,24888.86,324.07,Right,INNER,0,0.866,0.866,True,0.532,-0.0,-12
Note_000749,63,24888.86,324.07,Right,INNER,0,0.866,0.866,True,0.532,-0.0,-12
Note_000750,65,24888.86,101.85,Right,INNER,1,1.0,1.0,False,0.532,-0.0,-12
Note_000751,66,24888.86,324.07,Right,INNER,2,0.866,0.866,True,0.532,-0.0,-12
Note_000752,73,24888.86,212.96,Right,INNER,5,0.843,0.843,True,0.532,-0.0,-12
Note_000753,73,24888.86,101.85,Right,MELODY,4,0.866,0.866,True,0.532,-0.0,-12
Note_000754,73,24972.2,212.96,Right,INNER,3,0.843,0.843,True,0.598,-5.0,0
Note_000755,39,24999.97,101.85,Left,BASS,2,0.472,0.472,True,0.207,5.0,0
Note_000756,73,24999.98,101.85,Right,MELODY,4,0.512,0.512,True,0.598,-5.0,0
Note_000757,35,25111.09,212.96,Left,BASS,5,0.961,0.961,False,0.184,-5.0,0
Note_000758,37,25111.09,101.85,Left,INNER,3,0.961,0.961,True,0.184,-5.0,0
Note_000759,39,25111.09,101.85,Left,INNER,2,1.0,1.0,True,0.184,-5.0,0
Note_000760,70,25111.09,101.85,Right,INNER,1,1.0,1.0,True,0.602,10.0,12
Note_000761,75,25111.09,990.74,Right,INNER,2,0.866,0.866,True,0.602,10.0,12
Note_000762,75,25111.09,101.85,Right,MELODY,4,0.866,0.866,True,0.602,10.0,12
Note_000763,75,25194.42,990.74,Right,INNER,4,0.866,0.866,True,0.54,0.0,0
Note_000764,39,25222.2,101.85,Left,BASS,2,0.472,0.472,True,0.207,5.0,0
Note_000765,61,25222.2,101.85,Right,INNER,1,0.866,0.866,True,0.54,0.0,0
Note_000766,63,25222.2,101.85,Right,INNER,2,0.866,0.866,True,0.54,0.0,0
Note_000767,66,25222.2,101.85,Right,INNER,3,0.866,0.866,True,0.54,0.0,0
Note_000768,75,25222.2,101.85,Right,MELODY,5,0.512,0.512,True,0.54,0.0,0
Note_000769,40,25333.31,212.96,Left,BASS,1,0.866,0.866,False,0.218,10.0,0
Note_000770,94,25333.31,212.96,Right,MELODY,1,0.551,0.551,True,0.839,10.0,12
Note_000771,35,25555.53,212.96,Left,BASS,5,0.961,0.961,False,0.192,-5.0,0
Note_000772,37,25555.53,101.85,Left,INNER,3,0.961,0.961,True,0.192,-5.0,0
Note_000773,41,25555.53,101.85,Left,INNER,2,0.906,0.906,False,0.192,-5.0,0
Note_000774,102,25555.53,212.96,Right,MELODY,5,0.551,0.551,True,0.931,-10.0,-12
Note_000775,40,25666.64,101.85,Left,BASS,1,0.866,0.866,False,0.218,10.0,0
Note_000776,58,25666.64,101.85,Right,MELODY,4,0.787,0.787,True,0.425,-5.0,0
Note_000777,38,25777.75,101.85,Left,BASS,5,0.906,0.906,False,0.195,-10.0,0
Note_000778,56,25777.75,101.85,Right,INNER,2,0.787,0.787,True,0.431,5.0,0
Note_000779,61,25777.75,212.96,Right,MELODY,3,0.835,0.835,True,0.431,5.0,0
Note_000780,40,25888.86,212.96,Left,BASS,1,0.866,0.866,False,0.218,10.0,0
Note_000781,35,25999.97,212.96,Left,BASS,5,0.961,0.961,False,0.172,-5.0,0
Note_000782,37,25999.97,101.85,Left,INNER,2,0.961,0.961,True,0.172,-5.0,0
Note_000783,63,25999.97,435.18,Right,INNER,3,0.913,0.913,True,0.523,-10.0,-12
Note_000784,70,25999.97,101.85,Right,MELODY,5,1.0,1.0,True,0.523,-10.0,-12
Note_000785,40,26222.2,212.96,Left,BASS,1,0.866,0.866,False,0.218,10.0,0
Note_000786,65,26222.2,101.85,Right,INNER,1,1.0,1.0,False,0.54,10.0,0
Note_000787,66,26222.2,212.96,Right,INNER,2,0.866,0.866,True,0.54,10.0,0
Note_000788,73,26222.2,212.96,Right,MELODY,4,0.866,0.866,True,0.54,10.0,0
Note_000789,66,26305.53,212.96,Right,INNER,3,0.866,0.866,True,0.54,0.0,-12
Note_000790,73,26305.53,212.96,Right,MELODY,5,0.866,0.866,True,0.54,0.0,-12
Note_000791,65,26333.31,101.85,Right,INNER,1,1.0,1.0,False,0.54,0.0,-12
Note_000792,35,26444.42,212.96,Left,BASS,5,0.961,0.961,False,0.172,-5.0,0
Note_000793,37,26444.42,101.85,Left,INNER,2,0.961,0.961,True,0.172,-5.0,0
Note_000794,58,26444.42,101.85,Right,INNER,1,0.843,0.843,True,0.509,0.0,0
Note_000795,63,26444.42,212.96,Right,INNER,2,0.843,0.843,True,0.509,0.0,0
Note_000796,70,26444.42,212.96,Right,INNER,4,0.843,0.843,True,0.509,0.0,0
Note_000797,70,26444.42,101.85,Right,MELODY,5,1.0,1.0,True,0.509,0.0,0
Note_000798,63,26527.75,212.96,Right,INNER,3,0.843,0.843,True,0.49,0.0,0
Note_000799,70,26527.75,212.96,Right,MELODY,5,0.843,0.843,True,0.49,0.0,0
Note_000800,58,26555.53,101.85,Right,INNER,1,0.803,0.803,True,0.49,0.0,0
Note_000801,35,26666.64,212.96,Left,BASS,4,0.961,0.961,False,0.218,10.0,-12
Note_000802,37,26666.64,101.85,Left,INNER,3,0.961,0.961,True,0.218,10.0,-12
Note_000803,39,26666.64,101.85,Left,INNER,2,1.0,1.0,True,0.218,10.0,-12
Note_000804,49,26666.64,435.18,Left,INNER,1,0.906,0.906,True,0.218,10.0,-12
Note_000805,82,26666.64,435.18,Right,MELODY,1,0.866,0.866,True,0.701,10.0,12
Note_000806,73,26749.97,435.18,Right,INNER,3,0.866,0.866,True,0.649,-10.0,-12
Note_000807,82,26749.97,435.18,Right,MELODY,5,0.866,0.866,True,0.649,-10.0,-12
Note_000808,39,26777.75,101.85,Left,BASS,5,0.472,0.472,True,0.207,-10.0,12
Note_000809,35,26888.86,212.96,Left,BASS,5,0.961,0.961,False,0.184,5.0,-12
Note_000810,37,26888.86,101.85,Left,INNER,2,0.961,0.961,True,0.184,5.0,-12
Note_000811,39,26888.86,101.85,Left,INNER,1,1.0,1.0,True,0.184,5.0,-12
Note_000812,63,26888.86,435.18,Right,INNER,1,0.858,0.858,True,0.523,15.0,12
Note_000813,70,26888.86,101.85,Right,MELODY,2,1.0,1.0,True,0.523,15.0,12
Note_000814,39,26999.97,101.85,Left,BASS,2,0.472,0.472,True,0.207,5.0,0
Note_000815,58,26999.97,101.85,Right,INNER,2,0.866,0.866,True,0.456,0.0,0
Note_000816,61,26999.97,101.85,Right,INNER,3,0.866,0.866,True,0.456,0.0,0
Note_000817,63,26999.97,101.85,Right,MELODY,4,0.866,0.866,True,0.456,0.0,0
Note_000818,40,27111.08,212.96,Left,BASS,1,0.866,0.866,False,0.218,10.0,0
Note_000819,65,27111.08,101.85,Right,INNER,1,1.0,1.0,False,0.54,0.0,-12
Note_000820,66,27111.08,212.96,Right,INNER,3,0.85,0.85,True,0.54,0.0,-12
Note_000821,73,27111.08,212.96,Right,MELODY,5,0.85,0.85,True,0.54,0.0,-12
Note_000822,66,27194.42,212.96,Right,INNER,2,0.85,0.85,True,0.557,0.0,0
Note_000823,73,27194.42,212.96,Right,MELODY,4,0.85,0.85,True,0.557,0.0,0
Note_000824,35,27333.31,212.96,Left,BASS,5,0.961,0.961,False,0.172,-5.0,0
Note_000825,37,27333.31,101.85,Left,INNER,2,0.961,0.961,True,0.172,-5.0,0
Note_000826,61,27333.31,101.85,Right,INNER,1,0.827,0.827,True,0.552,5.0,0
Note_000827,70,27333.31,212.96,Right,INNER,2,0.866,0.866,True,0.552,5.0,0
Note_000828,70,27333.31,101.85,Right,INNER,3,1.0,1.0,True,0.552,5.0,0
Note_000829,75,27333.31,212.96,Right,MELODY,5,0.866,0.866,True,0.552,5.0,0
Note_000830,70,27416.64,212.96,Right,INNER,3,0.866,0.866,True,0.592,-5.0,0
Note_000831,75,27416.64,212.96,Right,MELODY,4,0.866,0.866,True,0.592,-5.0,0
Note_000832,40,27444.42,101.85,Left,BASS,1,0.866,0.866,False,0.218,10.0,0
Note_000833,56,27555.53,101.85,Right,MELODY,2,0.787,0.787,True,0.402,5.0,0
Note_000834,35,27777.75,212.96,Left,BASS,5,0.961,0.961,False,0.172,-5.0,0
Note_000835,37,27777.75,101.85,Left,INNER,2,0.961,0.961,True,0.172,-5.0,0
Note_000836,63,27777.75,101.85,Right,INNER,1,0.882,0.882,True,0.54,10.0,12
Note_000837,66,27777.75,212.96,Right,INNER,2,0.85,0.85,True,0.54,10.0,12
Note_000838,70,27777.75,101.85,Right,INNER,3,1.0,1.0,True,0.54,10.0,12
Note_000839,73,27777.75,212.96,Right,MELODY,4,0.85,0.85,True,0.54,10.0,12
Note_000840,66,27861.08,212.96,Right,INNER,3,0.85,0.85,True,0.513,-0.0,0
Note_000841,73,27861.08,212.96,Right,MELODY,5,0.85,0.85,True,0.513,-0.0,0
Note_000842,58,27888.86,101.85,Right,INNER,1,0.803,0.803,True,0.513,-0.0,0
Note_000843,40,27999.97,212.96,Left,BASS,1,0.866,0.866,False,0.218,10.0,0
Note_000844,61,27999.97,101.85,Right,INNER,1,0.858,0.858,True,0.555,0.0,0
Note_000845,65,27999.97,101.85,Right,INNER,2,1.0,1.0,False,0.555,0.0,0
Note_000846,73,27999.97,212.96,Right,INNER,4,0.866,0.866,True,0.555,0.0,0
Note_000847,78,27999.97,212.96,Right,MELODY,5,0.866,0.866,True,0.555,0.0,0
Note_000848,73,28083.31,212.96,Right,INNER,4,0.866,0.866,True,0.555,0.0,0
Note_000849,78,28083.31,212.96,Right,MELODY,5,0.866,0.866,True,0.555,0.0,0
Note_000850,61,28111.08,324.07,Right,INNER,1,0.906,0.906,True,0.555,0.0,0
Note_000851,65,28111.08,101.85,Right,INNER,2,1.0,1.0,False,0.555,0.0,0
Note_000852,35,28222.19,212.96,Left,BASS,3,0.961,0.961,False,0.172,5.0,0
Note_000853,37,28222.19,101.85,Left,INNER,2,0.961,0.961,True,0.172,5.0,0
Note_000854,70,28222.19,101.85,Right,MELODY,2,1.0,1.0,True,0.563,5.0,0
Note_000855,35,28444.42,212.96,Left,BASS,5,0.961,0.961,False,0.176,-15.0,0
Note_000856,37,28444.42,101.85,Left,INNER,4,1.0,1.0,True,0.176,-15.0,0
Note_000857,37,28444.42,101.85,Left,INNER,3,0.961,0.961,True,0.176,-15.0,0
Note_000858,58,28444.42,101.85,Right,INNER,0,0.882,0.882,True,0.488,-0.0,0
Note_000859,58,28444.42,324.07,Right,INNER,0,0.866,0.866,True,0.488,-0.0,0
Note_000860,61,28444.42,324.07,Right,INNER,1,0.866,0.866,True,0.488,-0.0,0
Note_000861,63,28444.42,324.07,Right,INNER,2,0.866,0.866,True,0.488,-0.0,0
Note_000862,65,28444.42,101.85,Right,INNER,3,1.0,1.0,False,0.488,-0.0,0
Note_000863,66,28444.42,212.96,Right,INNER,4,0.85,0.85,True,0.488,-0.0,0
Note_000864,73,28444.42,212.96,Right,MELODY,5,0.85,0.85,True,0.488,-0.0,0
Note_000865,66,28527.75,212.96,Right,INNER,3,0.85,0.85,True,0.513,-0.0,0
Note_000866,73,28527.75,212.96,Right,MELODY,5,0.85,0.85,True,0.513,-0.0,0
Note_000867,37,28555.53,101.85,Left,BASS,2,0.472,0.472,True,0.184,5.0,0
Note_000868,58,28555.53,101.85,Right,INNER,1,0.819,0.819,True,0.513,-0.0,0
Note_000869,35,28666.64,212.96,Left,BASS,5,0.961,0.961,False,0.176,-5.0,0
Note_000870,37,28666.64,101.85,Left,INNER,3,1.0,1.0,True,0.176,-5.0,0
Note_000871,37,28666.64,101.85,Left,INNER,2,0.961,0.961,True,0.176,-5.0,0
Note_000872,61,28666.64,101.85,Right,INNER,1,0.906,0.906,True,0.552,10.0,12
Note_000873,70,28666.64,212.96,Right,INNER,2,0.866,0.866,True,0.552,10.0,12
Note_000874,70,28666.64,101.85,Right,INNER,3,1.0,1.0,True,0.552,10.0,12
Note_000875,75,28666.64,212.96,Right,MELODY,4,0.866,0.866,True,0.552,10.0,12
Note_000876,70,28749.97,212.96,Right,INNER,4,0.866,0.866,True,0.51,-0.0,0
Note_000877,75,28749.97,212.96,Right,MELODY,5,0.866,0.866,True,0.51,-0.0,0
Note_000878,37,28777.75,101.85,Left,BASS,2,0.472,0.472,True,0.184,5.0,0
Note_000879,58,28777.75,101.85,Right,INNER,1,0.866,0.866,True,0.51,-0.0,0
Note_000880,61,28777.75,101.85,Right,INNER,2,0.866,0.866,True,0.51,-0.0,0
Note_000881,63,28777.75,101.85,Right,INNER,3,0.866,0.866,True,0.51,-0.0,0
Note_000882,40,28888.86,212.96,Left,BASS,1,0.866,0.866,False,0.218,10.0,0
Note_000883,65,28888.86,101.85,Right,MELODY,1,1.0,1.0,False,0.506,10.0,0
Note_000884,35,29111.08,212.96,Left,BASS,5,0.961,0.961,False,0.172,-10.0,0
Note_000885,37,29111.08,101.85,Left,INNER,3,0.961,0.961,True,0.172,-10.0,0
Note_000886,61,29111.08,101.85,Right,INNER,1,0.819,0.819,True,0.534,10.0,12
Note_000887,66,29111.08,101.85,Right,INNER,2,0.843,0.843,True,0.534,10.0,12
Note_000888,70,29111.08,101.85,Right,INNER,3,1.0,1.0,True,0.534,10.0,12
Note_000889,73,29111.08,101.85,Right,MELODY,4,0.843,0.843,True,0.534,10.0,12
Note_000890,66,29194.42,101.85,Right,INNER,2,0.843,0.843,True,0.538,0.0,0
Note_000891,73,29194.42,101.85,Right,INNER,4,0.843,0.843,True,0.538,0.0,0
Note_000892,61,29222.19,101.85,Right,INNER,1,0.764,0.764,True,0.538,0.0,0
Note_000893,66,29222.19,101.85,Right,INNER,3,0.827,0.827,True,0.538,0.0,0
Note_000894,73,29222.19,101.85,Right,MELODY,5,0.827,0.827,True,0.538,0.0,0
Note_000895,66,29305.53,101.85,Right,INNER,1,0.827,0.827,True,0.592,10.0,12
Note_000896,73,29305.53,101.85,Right,INNER,2,0.827,0.827,True,0.592,10.0,12
Note_000897,56,29333.3,101.85,Left,INNER,3,0.787,0.787,True,0.414,5.0,0
Note_000898,58,29333.3,212.96,Left,INNER,2,0.898,0.898,True,0.414,5.0,0
Note_000899,73,29333.3,138.89,Right,INNER,3,0.866,0.866,True,0.592,10.0,12
Note_000900,78,29333.3,138.89,Right,MELODY,4,0.866,0.866,True,0.592,10.0,12
Note_000901,73,29416.64,138.89,Right,INNER,1,0.866,0.866,True,0.626,15.0,12
Note_000902,78,29416.64,138.89,Right,MELODY,2,0.866,0.866,True,0.626,15.0,12
Note_000903,35,29555.53,212.96,Left,BASS,5,0.961,0.961,False,0.222,5.0,-12
Note_000904,37,29555.53,101.85,Left,INNER,2,0.961,0.961,True,0.222,5.0,-12
Note_000905,49,29555.53,212.96,Left,INNER,1,0.906,0.906,True,0.222,5.0,-12
Note_000906,61,29555.53,435.18,Right,INNER,2,0.882,0.882,True,0.54,-10.0,-12
Note_000907,70,29555.53,101.85,Right,INNER,4,1.0,1.0,True,0.54,-10.0,-12
Note_000908,73,29555.53,212.96,Right,MELODY,5,0.827,0.827,True,0.54,-10.0,-12
Note_000909,73,29638.86,212.96,Right,MELODY,3,0.827,0.827,True,0.598,0.0,0
Note_000910,40,29777.75,101.85,Left,BASS,1,0.866,0.866,False,0.218,10.0,0
Note_000911,65,29777.75,101.85,Right,INNER,1,1.0,1.0,False,0.563,15.0,0
Note_000912,75,29777.75,212.96,Right,MELODY,2,0.866,0.866,True,0.563,15.0,0
Note_000913,75,29861.08,212.96,Right,MELODY,3,0.866,0.866,True,0.563,10.0,0
Note_000914,37,29888.86,101.85,Left,BASS,2,0.961,0.961,True,0.184,5.0,0
Note_000915,65,29888.86,101.85,Right,INNER,1,1.0,1.0,False,0.563,10.0,0
Note_000916,35,29999.97,212.96,Left,BASS,2,0.961,0.961,False,0.19,15.0,0
Note_000917,40,29999.97,212.96,Left,INNER,1,0.866,0.866,False,0.19,15.0,0
Note_000918,63,29999.97,101.85,Right,INNER,2,0.827,0.827,True,0.548,-10.0,-12
Note_000919,70,29999.97,101.85,Right,INNER,4,1.0,1.0,True,0.548,-10.0,-12
Note_000920,73,29999.97,212.96,Right,MELODY,5,0.835,0.835,True,0.548,-10.0,-12
Note_000921,73,30083.3,212.96,Right,MELODY,2,0.835,0.835,True,0.529,15.0,12
Note_000922,61,30111.08,101.85,Right,INNER,1,0.78,0.78,True,0.529,15.0,12
Note_000923,35,30222.19,212.96,Left,BASS,5,1.0,1.0,False,0.169,-5.0,0
Note_000924,35,30222.19,212.96,Left,INNER,3,0.961,0.961,False,0.169,-5.0,0
Note_000925,37,30222.19,101.85,Left,INNER,2,0.961,0.961,True,0.169,-5.0,0
Note_000926,80,30222.19,324.07,Right,MELODY,4,0.866,0.866,True,0.678,-5.0,0
Note_000927,80,30305.53,324.07,Right,MELODY,3,0.866,0.866,True,0.678,0.0,0
Note_000928,35,30444.41,212.96,Left,BASS,5,0.961,0.961,False,0.215,5.0,0
Note_000929,37,30444.41,101.85,Left,INNER,2,0.961,0.961,True,0.215,5.0,0
Note_000930,47,30444.41,212.96,Left,INNER,1,1.0,1.0,False,0.215,5.0,0
Note_000931,70,30444.41,101.85,Right,MELODY,2,1.0,1.0,True,0.563,5.0,0
Note_000932,58,30555.52,101.85,Left,INNER,4,0.803,0.803,True,0.431,-10.0,12
Note_000933,78,30555.52,101.85,Right,MELODY,4,0.835,0.835,True,0.655,-5.0,0
Note_000934,54,30555.53,101.85,Left,INNER,5,0.866,0.866,True,0.431,-10.0,12
Note_000935,59,30555.53,101.85,Left,INNER,3,0.866,0.866,False,0.431,-10.0,12
Note_000936,63,30555.53,101.85,Left,INNER,2,0.866,0.866,True,0.431,-10.0,12
Note_000937,78,30638.86,101.85,Right,INNER,2,0.835,0.835,True,0.667,5.0,0
Note_000938,40,30666.64,212.96,Left,BASS,1,0.866,0.866,False,0.218,10.0,0
Note_000939,80,30666.64,212.96,Right,MELODY,3,0.85,0.85,True,0.667,5.0,0
Note_000940,80,30749.97,212.96,Right,MELODY,2,0.85,0.85,True,0.678,5.0,0
Note_000941,35,30888.86,212.96,Left,BASS,5,1.0,1.0,False,0.169,-5.0,0
Note_000942,35,30888.86,212.96,Left,INNER,3,0.961,0.961,False,0.169,-5.0,0
Note_000943,37,30888.86,101.85,Left,INNER,2,0.961,0.961,True,0.169,-5.0,0
Note_000944,82,30888.86,212.96,Right,MELODY,4,0.827,0.827,True,0.701,-5.0,0
Note_000945,82,30972.19,212.96,Right,MELODY,3,0.827,0.827,True,0.701,0.0,0
Note_000946,40,30999.97,101.85,Left,BASS,1,0.866,0.866,False,0.218,10.0,0
Note_000947,34,31111.08,212.96,Left,BASS,5,1.0,1.0,True,0.149,-10.0,12
Note_000948,78,31111.08,212.96,Right,MELODY,2,0.85,0.85,True,0.655,5.0,0
Note_000949,78,31194.41,212.96,Right,MELODY,5,0.85,0.85,True,0.655,-10.0,-12
Note_000950,35,31333.3,212.96,Left,BASS,5,0.961,0.961,False,0.211,5.0,-12
Note_000951,37,31333.3,101.85,Left,INNER,2,0.961,0.961,True,0.211,5.0,-12
Note_000952,46,31333.3,212.96,Left,INNER,1,1.0,1.0,True,0.211,5.0,-12
Note_000953,70,31333.3,101.85,Right,INNER,2,1.0,1.0,True,0.603,0.0,0
Note_000954,77,31333.3,212.96,Right,MELODY,4,0.843,0.843,False,0.603,0.0,0
Note_000955,77,31416.64,212.96,Right,MELODY,5,0.843,0.843,False,0.644,-10.0,0
Note_000956,54,31444.41,101.85,Left,INNER,4,0.866,0.866,True,0.429,0.0,0
Note_000957,58,31444.41,101.85,Left,INNER,3,0.866,0.866,True,0.429,0.0,0
Note_000958,63,31444.41,101.85,Left,INNER,2,0.866,0.866,True,0.429,0.0,0
Note_000959,40,31555.52,212.96,Left,BASS,5,0.866,0.866,False,0.253,-15.0,0
Note_000960,46,31555.52,101.85,Left,INNER,4,0.472,0.472,True,0.253,-15.0,0
Note_000961,63,31555.52,657.41,Right,INNER,1,0.866,0.866,True,0.536,10.0,12
Note_000962,65,31555.52,101.85,Right,INNER,2,1.0,1.0,False,0.536,10.0,12
Note_000963,75,31555.52,212.96,Right,MELODY,4,0.827,0.827,True,0.536,10.0,12
Note_000964,75,31638.86,212.96,Right,MELODY,5,0.827,0.827,True,0.563,-5.0,-12
Note_000965,65,31666.64,101.85,Right,INNER,2,1.0,1.0,False,0.563,-5.0,-12
Note_000966,34,31777.75,212.96,Left,BASS,3,1.0,1.0,True,0.165,15.0,-12
Note_000967,35,31777.75,212.96,Left,INNER,2,0.961,0.961,False,0.165,15.0,-12
Note_000968,37,31777.75,101.85,Left,INNER,1,0.961,0.961,True,0.165,15.0,-12
Note_000969,70,31777.75,101.85,Right,INNER,1,1.0,1.0,True,0.609,15.0,12
Note_000970,78,31777.75,212.96,Right,MELODY,2,0.866,0.866,True,0.609,15.0,12
Note_000971,78,31861.08,212.96,Right,MELODY,4,0.866,0.866,True,0.655,-5.0,0
Note_000972,33,31999.97,212.96,Left,BASS,5,1.0,1.0,False,0.161,-15.0,0
Note_000973,35,31999.97,212.96,Left,INNER,4,0.961,0.961,False,0.161,-15.0,0
Note_000974,37,31999.97,101.85,Left,INNER,3,0.961,0.961,True,0.161,-15.0,0
Note_000975,77,31999.97,1657.41,Right,MELODY,2,0.858,0.858,False,0.644,5.0,0
Note_000976,77,32083.3,1657.41,Right,MELODY,4,0.858,0.858,False,0.644,-5.0,0
Note_000977,33,32222.19,101.85,Left,BASS,5,1.0,1.0,False,0.161,5.0,-12
Note_000978,35,32222.19,212.96,Left,INNER,2,0.961,0.961,False,0.161,5.0,-12
Note_000979,37,32222.19,101.85,Left,INNER,1,0.961,0.961,True,0.161,5.0,-12
Note_000980,65,32222.19,212.96,Right,INNER,1,0.827,0.827,False,0.534,15.0,0
Note_000981,70,32222.19,101.85,Right,MELODY,2,1.0,1.0,True,0.534,15.0,0
Note_000982,33,32333.3,101.85,Left,BASS,5,0.472,0.472,False,0.138,-10.0,0
Note_000983,60,32333.3,101.85,Right,INNER,2,0.866,0.866,False,0.479,0.0,0
Note_000984,63,32333.3,101.85,Right,INNER,3,0.866,0.866,True,0.479,0.0,0
Note_000985,65,32333.3,101.85,Right,MELODY,4,0.866,0.866,False,0.479,0.0,0
Note_000986,36,32444.41,212.96,Left,BASS,2,1.0,1.0,False,0.195,15.0,0
Note_000987,40,32444.41,212.96,Left,INNER,1,0.866,0.866,False,0.195,15.0,0
Note_000988,60,32444.41,101.85,Right,INNER,1,0.882,0.882,False,0.477,15.0,0
Note_000989,65,32444.41,101.85,Right,MELODY,2,1.0,1.0,False,0.477,15.0,0
Note_000990,65,32555.52,324.07,Right,MELODY,2,0.913,0.913,False,0.506,5.0,0
Note_000991,35,32666.63,212.96,Left,BASS,4,0.961,0.961,False,0.172,-0.0,0
Note_000992,36,32666.63,101.85,Left,INNER,3,1.0,1.0,False,0.172,-0.0,0
Note_000993,37,32666.63,101.85,Left,INNER,2,0.961,0.961,True,0.172,-0.0,0
Note_000994,60,32666.63,435.18,Right,INNER,1,0.866,0.866,False,0.5,-5.0,-12
Note_000995,63,32666.63,435.18,Right,INNER,3,0.866,0.866,True,0.5,-5.0,-12
Note_000996,65,32666.63,435.18,Right,INNER,4,0.866,0.866,False,0.5,-5.0,-12
Note_000997,70,32666.63,101.85,Right,MELODY,5,1.0,1.0,True,0.5,-5.0,-12
Note_000998,36,32777.75,101.85,Left,BASS,5,0.472,0.472,False,0.172,-10.0,0
Note_000999,41,32888.86,101.85,Left,BASS,1,1.0,1.0,False,0.23,10.0,0
Note_001000,56,32888.86,101.85,Right,INNER,2,0.787,0.787,True,0.454,-5.0,0
Note_001001,65,32888.86,101.85,Right,MELODY,5,0.874,0.874,False,0.454,-5.0,0
Note_001002,41,32999.97,101.85,Left,BASS,1,1.0,1.0,False,0.23,10.0,0
Note_001003,65,32999.97,101.85,Right,MELODY,1,0.827,0.827,False,0.506,10.0,0
Note_001004,35,33111.08,212.96,Left,BASS,5,0.961,0.961,False,0.172,-5.0,0
Note_001005,36,33111.08,212.96,Left,INNER,3,1.0,1.0,False,0.172,-5.0,0
Note_001006,37,33111.08,101.85,Left,INNER,2,0.961,0.961,True,0.172,-5.0,0
Note_001007,63,33111.08,212.96,Right,INNER,1,0.874,0.874,True,0.517,0.0,0
Note_001008,63,33111.08,324.07,Right,INNER,2,0.866,0.866,True,0.517,0.0,0
Note_001009,65,33111.08,324.07,Right,INNER,3,0.866,0.866,False,0.517,0.0,0
Note_001010,69,33111.08,324.07,Right,INNER,4,0.866,0.866,False,0.517,0.0,0
Note_001011,70,33111.08,101.85,Right,MELODY,5,1.0,1.0,True,0.517,0.0,0
Note_001012,40,33333.3,101.85,Left,BASS,2,0.866,0.866,False,0.224,15.0,0
Note_001013,41,33333.3,101.85,Left,INNER,1,1.0,1.0,False,0.224,15.0,0
Note_001014,65,33333.3,101.85,Right,INNER,1,0.827,0.827,False,0.506,0.0,0
Note_001015,65,33333.3,101.85,Right,MELODY,5,1.0,1.0,False,0.506,0.0,0
Note_001016,36,33444.41,101.85,Left,BASS,5,1.0,1.0,False,0.178,-5.0,0
Note_001017,37,33444.41,101.85,Left,INNER,2,0.961,0.961,True,0.178,-5.0,0
Note_001018,65,33444.41,101.85,Right,INNER,1,0.866,0.866,False,0.54,0.0,0
Note_001019,65,33444.41,101.85,Right,INNER,2,1.0,1.0,False,0.54,0.0,0
Note_001020,69,33444.41,212.96,Right,INNER,3,0.882,0.882,False,0.54,0.0,0
Note_001021,69,33444.41,101.85,Right,INNER,4,0.866,0.866,False,0.54,0.0,0
Note_001022,72,33444.41,101.85,Right,MELODY,5,0.866,0.866,False,0.54,0.0,0
Note_001023,35,33555.52,212.96,Left,BASS,5,0.961,0.961,False,0.218,5.0,0
Note_001024,40,33555.52,212.96,Left,INNER,2,0.866,0.866,False,0.218,5.0,0
Note_001025,45,33555.52,212.96,Left,INNER,1,1.0,1.0,False,0.218,5.0,0
Note_001026,70,33555.52,101.85,Right,MELODY,5,1.0,1.0,True,0.563,-10.0,-12
Note_001027,65,33666.63,101.85,Right,MELODY,4,0.835,0.835,False,0.506,-5.0,0
Note_001028,35,33777.74,101.85,Left,BASS,5,0.961,0.961,False,0.222,5.0,-12
Note_001029,40,33777.74,101.85,Left,INNER,2,0.866,0.866,False,0.222,5.0,-12
Note_001030,46,33777.74,101.85,Left,INNER,1,1.0,1.0,True,0.222,5.0,-12
Note_001031,86,33777.74,101.85,Right,MELODY,5,0.551,0.551,False,0.747,-10.0,0
Note_001032,62,33888.85,101.85,Right,INNER,2,0.551,0.551,False,0.517,0.0,0
Note_001033,70,33888.85,101.85,Right,MELODY,4,0.551,0.551,True,0.517,0.0,0
Note_001034,46,33888.86,101.85,Left,INNER,2,0.472,0.472,True,0.287,5.0,0
Note_001035,35,33999.97,101.85,Left,BASS,5,0.961,0.961,False,0.222,-5.0,0
Note_001036,40,33999.97,101.85,Left,INNER,3,0.866,0.866,False,0.222,-5.0,0
Note_001037,46,33999.97,101.85,Left,INNER,2,1.0,1.0,True,0.222,-5.0,0
Note_001038,86,33999.97,101.85,Right,MELODY,5,0.551,0.551,False,0.747,-10.0,0
Note_001039,46,34111.08,101.85,Left,INNER,2,0.472,0.472,True,0.287,5.0,0
Note_001040,62,34111.08,101.85,Right,INNER,2,0.551,0.551,False,0.517,0.0,0
Note_001041,70,34111.08,101.85,Right,MELODY,4,0.551,0.551,True,0.517,0.0,0
Note_001042,34,34222.19,212.96,Left,BASS,5,1.0,1.0,True,0.213,5.0,0
Note_001043,35,34222.19,212.96,Left,INNER,3,0.961,0.961,False,0.213,5.0,0
Note_001044,40,34222.19,212.96,Left,INNER,2,0.866,0.866,False,0.213,5.0,0
Note_001045,49,34222.19,324.07,Left,INNER,1,0.906,0.906,True,0.213,5.0,0
Note_001046,86,34222.19,101.85,Right,MELODY,5,0.551,0.551,False,0.747,-10.0,0
Note_001047,62,34333.3,101.85,Right,INNER,2,0.551,0.551,False,0.517,0.0,0
Note_001048,70,34333.3,101.85,Right,MELODY,4,0.551,0.551,True,0.517,0.0,0
Note_001049,34,34444.41,101.85,Left,BASS,5,0.472,0.472,True,0.19,-5.0,12
Note_001050,41,34444.41,101.85,Left,INNER,2,0.906,0.906,False,0.19,-5.0,12
Note_001051,41,34555.52,101.85,Left,BASS,1,0.906,0.906,False,0.23,10.0,0
Note_001052,38,34666.63,101.85,Left,BASS,5,0.906,0.906,False,0.195,-10.0,0
Note_001053,40,34777.74,101.85,Left,BASS,1,0.866,0.866,False,0.218,10.0,0
Note_001054,35,34888.85,212.96,Left,BASS,5,0.961,0.961,False,0.172,-5.0,0
Note_001055,37,34888.85,101.85,Left,INNER,2,0.961,0.961,True,0.172,-5.0,0
Note_001056,70,34888.85,212.96,Right,MELODY,4,0.835,0.835,True,0.563,-5.0,0
Note_001057,70,34972.19,212.96,Right,MELODY,2,0.835,0.835,True,0.563,5.0,0
Note_001058,40,35111.08,212.96,Left,BASS,2,0.866,0.866,False,0.27,15.0,-12
Note_001059,49,35111.08,324.07,Left,INNER,1,0.906,0.906,True,0.27,15.0,-12
Note_001060,73,35111.08,212.96,Right,MELODY,4,0.866,0.866,True,0.598,-5.0,0
Note_001061,73,35194.41,212.96,Right,MELODY,3,0.866,0.866,True,0.598,0.0,0
Note_001062,34,35333.3,212.96,Left,BASS,5,1.0,1.0,True,0.165,-5.0,12
Note_001063,35,35333.3,212.96,Left,INNER,3,0.961,0.961,False,0.165,-5.0,12
Note_001064,37,35333.3,101.85,Left,INNER,2,0.961,0.961,True,0.165,-5.0,12
Note_001065,70,35333.3,212.96,Right,MELODY,2,0.835,0.835,True,0.563,5.0,0
Note_001066,70,35416.63,212.96,Right,MELODY,4,0.835,0.835,True,0.563,-5.0,0
Note_001067,35,35555.52,212.96,Left,BASS,5,0.961,0.961,False,0.184,5.0,-12
Note_001068,37,35555.52,101.85,Left,INNER,2,0.961,0.961,True,0.184,5.0,-12
Note_001069,39,35555.52,212.96,Left,INNER,1,1.0,1.0,True,0.184,5.0,-12
Note_001070,90,35555.52,435.18,Right,INNER,1,0.551,0.551,True,0.862,10.0,12
Note_001071,102,35555.52,435.18,Right,MELODY,3,0.551,0.551,True,0.862,10.0,12
Note_001072,73,35638.85,212.96,Right,MELODY,2,0.85,0.85,True,0.598,5.0,0
Note_001073,39,35777.74,101.85,Left,BASS,2,0.472,0.472,True,0.207,5.0,0
Note_001074,97,35777.74,435.18,Right,MELODY,4,0.551,0.551,True,0.874,-5.0,0
Note_001075,75,35861.08,990.74,Right,MELODY,2,0.866,0.866,True,0.621,5.0,0
Note_001076,39,35888.85,101.85,Left,BASS,2,1.0,1.0,True,0.207,5.0,0
Note_001077,39,35999.96,101.85,Left,BASS,3,0.472,0.472,True,0.213,5.0,0
Note_001078,40,35999.96,212.96,Left,INNER,2,0.866,0.866,False,0.213,5.0,0
Note_001079,82,35999.96,435.18,Right,INNER,1,0.551,0.551,True,0.77,5.0,12
Note_001080,94,35999.96,435.18,Right,MELODY,4,0.551,0.551,True,0.77,5.0,12
Note_001081,37,36222.19,101.85,Left,BASS,3,0.961,0.961,True,0.184,-0.0,0
Note_001082,85,36222.19,435.18,Right,INNER,2,0.551,0.551,True,0.805,-5.0,-12
Note_001083,97,36222.19,435.18,Right,MELODY,5,0.551,0.551,True,0.805,-5.0,-12
Note_001084,69,36296.26,64.81,Right,MELODY,1,0.843,0.843,False,0.552,10.0,0
Note_001085,68,36370.33,64.81,Right,MELODY,4,0.811,0.811,True,0.54,-5.0,0
Note_001086,37,36444.41,101.85,Left,BASS,2,0.961,0.961,True,0.184,5.0,0
Note_001087,87,36444.41,435.18,Right,INNER,1,0.551,0.551,True,0.828,10.0,12
Note_001088,99,36444.41,435.18,Right,MELODY,3,0.551,0.551,True,0.828,10.0,12
Note_001089,37,36666.63,101.85,Left,BASS,2,0.961,0.961,True,0.184,5.0,0
Note_001090,85,36666.63,435.18,Right,INNER,2,0.551,0.551,True,0.805,-5.0,-12
Note_001091,97,36666.63,435.18,Right,MELODY,5,0.551,0.551,True,0.805,-5.0,-12
Note_001092,40,36888.85,212.96,Left,BASS,1,0.866,0.866,False,0.218,10.0,0
Note_001093,90,36888.85,435.18,Right,INNER,1,0.551,0.551,True,0.862,5.0,12
Note_001094,102,36888.85,435.18,Right,MELODY,4,0.551,0.551,True,0.862,5.0,12
Note_001095,63,36999.96,101.85,Right,MELODY,2,0.803,0.803,True,0.483,5.0,0
Note_001096,39,37111.07,101.85,Left,BASS,2,0.906,0.906,True,0.207,5.0,0
Note_001097,87,37111.07,435.18,Right,INNER,1,0.551,0.551,True,0.828,5.0,12
Note_001098,99,37111.07,435.18,Right,MELODY,4,0.551,0.551,True,0.828,5.0,12
Note_001099,41,37222.19,101.85,Left,BASS,1,0.906,0.906,False,0.23,10.0,0
Note_001100,37,37333.3,101.85,Left,BASS,3,0.961,0.961,True,0.195,5.0,0
Note_001101,39,37333.3,1101.85,Left,INNER,2,1.0,1.0,True,0.195,5.0,0
Note_001102,90,37333.3,435.18,Right,INNER,2,0.551,0.551,True,0.862,-5.0,-12
Note_001103,102,37333.3,435.18,Right,MELODY,5,0.551,0.551,True,0.862,-5.0,-12
Note_001104,75,37416.63,212.96,Right,INNER,3,0.866,0.866,True,0.58,10.0,12
Note_001105,66,37444.41,101.85,Right,INNER,1,0.819,0.819,True,0.58,10.0,12
Note_001106,70,37444.41,101.85,Right,INNER,2,0.819,0.819,True,0.58,10.0,12
Note_001107,75,37444.41,101.85,Right,MELODY,4,0.819,0.819,True,0.58,10.0,12
Note_001108,82,37555.52,212.96,Right,INNER,1,0.835,0.835,True,0.77,5.0,0
Note_001109,85,37555.52,435.18,Right,INNER,2,0.551,0.551,True,0.77,5.0,0
Note_001110,97,37555.52,435.18,Right,MELODY,5,0.551,0.551,True,0.77,5.0,0
Note_001111,82,37638.85,212.96,Right,MELODY,5,0.835,0.835,True,0.592,5.0,-12
Note_001112,37,37666.63,101.85,Left,BASS,3,0.961,0.961,True,0.184,-0.0,0
Note_001113,65,37666.63,101.85,Right,INNER,1,0.866,0.866,False,0.592,5.0,-12
Note_001114,69,37666.63,101.85,Right,INNER,2,0.866,0.866,False,0.592,5.0,-12
Note_001115,74,37666.63,101.85,Right,INNER,3,0.866,0.866,False,0.592,5.0,-12
Note_001116,40,37777.74,212.96,Left,BASS,1,0.866,0.866,False,0.218,10.0,0
Note_001117,94,37777.74,435.18,Right,MELODY,1,0.551,0.551,True,0.839,10.0,12
Note_001118,81,37861.07,212.96,Right,MELODY,2,0.858,0.858,False,0.69,5.0,0
Note_001119,37,37999.96,101.85,Left,BASS,2,0.961,0.961,True,0.184,5.0,0
Note_001120,97,37999.96,435.18,Right,MELODY,4,0.551,0.551,True,0.874,-5.0,0
Note_001121,80,38083.3,435.18,Right,MELODY,5,0.843,0.843,True,0.578,5.0,-12
Note_001122,64,38111.07,101.85,Right,INNER,1,0.835,0.835,False,0.578,5.0,-12
Note_001123,68,38111.07,101.85,Right,INNER,2,0.835,0.835,True,0.578,5.0,-12
Note_001124,73,38111.07,101.85,Right,INNER,3,0.835,0.835,True,0.578,5.0,-12
Note_001125,37,38222.18,101.85,Left,BASS,2,0.961,0.961,True,0.184,5.0,0
Note_001126,87,38222.18,435.18,Right,INNER,1,0.551,0.551,True,0.828,5.0,12
Note_001127,99,38222.18,435.18,Right,MELODY,4,0.551,0.551,True,0.828,5.0,12
Note_001128,63,38333.3,101.85,Right,INNER,2,0.866,0.866,True,0.533,-5.0,0
Note_001129,67,38333.3,101.85,Right,INNER,3,0.866,0.866,False,0.533,-5.0,0
Note_001130,72,38333.3,101.85,Right,MELODY,5,0.866,0.866,False,0.533,-5.0,0
Note_001131,25,38444.41,101.85,Left,BASS,5,1.0,1.0,True,0.115,-5.0,12
Note_001132,37,38444.41,101.85,Left,INNER,2,0.961,0.961,True,0.115,-5.0,12
Note_001133,97,38444.41,435.18,Right,MELODY,5,0.551,0.551,True,0.874,-10.0,-12
Note_001134,79,38527.74,212.96,Right,MELODY,4,0.866,0.866,False,0.667,-5.0,0
Note_001135,25,38555.52,101.85,Left,BASS,5,1.0,1.0,True,0.046,-10.0,12
Note_001136,27,38666.63,101.85,Left,BASS,3,1.0,1.0,True,0.144,10.0,0
Note_001137,40,38666.63,101.85,Left,INNER,1,0.866,0.866,False,0.144,10.0,0
Note_001138,90,38666.63,435.18,Right,INNER,1,0.551,0.551,True,0.862,15.0,12
Note_001139,102,38666.63,435.18,Right,MELODY,2,0.551,0.551,True,0.862,15.0,12
Note_001140,78,38749.96,324.07,Right,MELODY,4,0.843,0.843,True,0.655,-5.0,0
Note_001141,32,38777.74,101.85,Left,BASS,2,1.0,1.0,True,0.172,15.0,0
Note_001142,40,38777.74,101.85,Left,INNER,1,0.866,0.866,False,0.172,15.0,0
Note_001143,34,38888.85,101.85,Left,BASS,3,1.0,1.0,True,0.178,5.0,0
Note_001144,39,38888.85,212.96,Left,INNER,2,0.906,0.906,True,0.178,5.0,0
Note_001145,87,38888.85,435.18,Right,INNER,1,0.551,0.551,True,0.828,15.0,12
Note_001146,99,38888.85,435.18,Right,MELODY,2,0.551,0.551,True,0.828,15.0,12
Note_001147,34,38999.96,101.85,Left,BASS,5,1.0,1.0,True,0.149,-10.0,12
Note_001148,70,38999.96,101.85,Right,MELODY,4,0.827,0.827,True,0.563,-5.0,0
Note_001149,37,39111.07,101.85,Left,BASS,5,0.961,0.961,True,0.264,-0.0,0
Note_001150,39,39111.07,212.96,Left,INNER,4,1.0,1.0,True,0.264,-0.0,0
Note_001151,49,39111.07,324.07,Left,INNER,2,0.906,0.906,True,0.264,-0.0,0
Note_001152,51,39111.07,212.96,Left,INNER,1,0.898,0.898,True,0.264,-0.0,0
Note_001153,90,39111.07,435.18,Right,INNER,1,0.551,0.551,True,0.862,10.0,12
Note_001154,102,39111.07,435.18,Right,MELODY,3,0.551,0.551,True,0.862,10.0,12
Note_001155,73,39194.41,212.96,Right,MELODY,2,0.85,0.85,True,0.598,5.0,0
Note_001156,37,39333.29,101.85,Left,BASS,3,0.961,0.961,True,0.195,10.0,-12
Note_001157,39,39333.29,101.85,Left,INNER,1,0.472,0.472,True,0.195,10.0,-12
Note_001158,97,39333.29,435.18,Right,MELODY,4,0.551,0.551,True,0.874,-5.0,0
Note_001159,75,39416.63,990.74,Right,MELODY,2,0.866,0.866,True,0.621,5.0,0
Note_001160,39,39444.41,101.85,Left,BASS,2,1.0,1.0,True,0.207,5.0,0
Note_001161,39,39555.52,101.85,Left,BASS,3,0.472,0.472,True,0.213,5.0,0
Note_001162,40,39555.52,101.85,Left,INNER,2,0.906,0.906,False,0.213,5.0,0
Note_001163,82,39555.52,435.18,Right,INNER,1,0.551,0.551,True,0.77,5.0,12
Note_001164,94,39555.52,435.18,Right,MELODY,4,0.551,0.551,True,0.77,5.0,12
Note_001165,37,39666.63,101.85,Left,BASS,5,1.0,1.0,True,0.184,-10.0,12
Note_001166,40,39777.74,212.96,Left,BASS,5,0.906,0.906,False,0.31,-0.0,-12
Note_001167,56,39777.74,64.81,Left,INNER,1,0.945,0.945,True,0.31,-0.0,-12
Note_001168,85,39777.74,435.18,Right,INNER,2,0.551,0.551,True,0.805,-5.0,-12
Note_001169,97,39777.74,435.18,Right,MELODY,5,0.551,0.551,True,0.805,-5.0,-12
Note_001170,57,39851.81,64.81,Right,MELODY,1,0.921,0.921,False,0.414,10.0,0
Note_001171,56,39925.89,64.81,Right,MELODY,4,0.89,0.89,True,0.402,-5.0,0
Note_001172,26,39999.96,879.63,Left,BASS,3,0.866,0.866,False,0.121,10.0,-12
Note_001173,37,39999.96,101.85,Left,INNER,1,1.0,1.0,True,0.121,10.0,-12
Note_001174,87,39999.96,435.18,Right,INNER,1,0.551,0.551,True,0.828,10.0,12
Note_001175,99,39999.96,435.18,Right,MELODY,3,0.551,0.551,True,0.828,10.0,12
Note_001176,37,40222.18,101.85,Left,BASS,5,1.0,1.0,True,0.253,-5.0,12
Note_001177,49,40222.18,212.96,Left,INNER,2,0.945,0.945,True,0.253,-5.0,12
Note_001178,85,40222.18,435.18,Right,INNER,2,0.551,0.551,True,0.805,-5.0,-12
Note_001179,97,40222.18,435.18,Right,MELODY,5,0.551,0.551,True,0.805,-5.0,-12
Note_001180,40,40444.4,101.85,Left,BASS,2,0.906,0.906,False,0.282,15.0,-12
Note_001181,51,40444.4,101.85,Left,INNER,1,0.945,0.945,True,0.282,15.0,-12
Note_001182,90,40444.4,435.18,Right,INNER,1,0.551,0.551,True,0.862,5.0,12
Note_001183,102,40444.4,435.18,Right,MELODY,4,0.551,0.551,True,0.862,5.0,12
Note_001184,51,40555.52,101.85,Right,MELODY,2,0.906,0.906,True,0.345,5.0,0
Note_001185,37,40666.63,101.85,Left,BASS,5,1.0,1.0,True,0.236,-5.0,12
Note_001186,46,40666.63,212.96,Left,INNER,2,1.0,1.0,True,0.236,-5.0,12
Note_001187,87,40666.63,212.96,Right,INNER,2,0.551,0.551,True,0.828,-5.0,-12
Note_001188,99,40666.63,212.96,Right,MELODY,5,0.551,0.551,True,0.828,-5.0,-12
